ID,Planeta,Longitud (m),Tiempo (s),g_calculado (m/s²),g_real (m/s²),Planeta más probable,2do más probable
fba4b728-dd05-41cb-90aa-e5d9f9fdb09d,Saturno,0.87,0.57,5.36,9.0,Saturno,Tierra
674e5caf-51c7-4a72-8f80-bf7643295c0a,Tierra,1.31,0.53,9.33,9.8,Saturno,Tierra
3bb01469-459f-412e-b049-90493ad0fc82,Tierra,1.38,0.42,15.65,9.8,Tierra,Saturno
9a83eb31-a606-4d12-b34a-332853d2ede2,Saturno,1.48,0.53,10.54,9.0,Tierra,Saturno
100952cb-42df-4b61-a9cd-f12ebc11020f,Tierra,1.37,0.7,5.59,9.8,Saturno,Tierra
8916353d-8fa5-45f0-ac27-440ce31d25a8,Saturno,1.88,0.68,8.13,9.0,Saturno,Tierra
5a6cd8cb-1623-45ea-aadc-e1bbb2286e7e,Tierra,1.72,0.49,14.33,9.8,Tierra,Saturno
c3581291-0de1-4d7a-8a50-c35601689ae9,Saturno,1.01,0.42,11.45,9.0,Tierra,Saturno
3fae2ee3-711b-43a5-aa1e-31cae28d8150,Tierra,1.2,0.68,5.19,9.8,Saturno,Tierra
0d230de7-55bc-436d-8bde-648859182ac3,Saturno,1.17,0.46,11.06,9.0,Tierra,Saturno
fb3dca58-19cc-40d9-8f66-0c2d68483132,Tierra,1.32,0.47,11.95,9.8,Tierra,Saturno
45eac5bf-35ea-4bb5-898e-61ac682496db,Saturno,0.99,0.63,4.99,9.0,Saturno,Tierra
02023f34-8460-4db0-a4ba-360f8c00648b,Saturno,1.64,0.56,10.46,9.0,Tierra,Saturno
1c6800b2-c865-4f1c-bda6-308e39680b42,Saturno,1.13,0.46,10.68,9.0,Tierra,Saturno
0e3700d9-266a-423d-a9d5-96d6cc4202d0,Tierra,2.25,0.64,10.99,9.8,Tierra,Saturno
3a10456a-0844-46ec-a14c-4557095093cc,Tierra,2.33,0.47,21.1,9.8,Tierra,Saturno
bce7ca7d-a7c9-46df-8af8-772233a71471,Saturno,1.12,0.65,5.3,9.0,Saturno,Tierra
1a87af96-ec07-4ba4-bb6e-fcfecee4528f,Tierra,1.7,0.65,8.05,9.8,Saturno,Tierra
1d8f24dd-7e42-4cc6-9010-b6fac2d1559a,Saturno,0.95,0.69,3.99,9.0,Saturno,Tierra
a6bd3710-e2cf-4380-b554-5b109add7bea,Saturno,2.17,0.48,18.84,9.0,Tierra,Saturno
5bc453c5-a8a7-4d59-9c1b-6db4f9605686,Tierra,2.33,0.48,20.23,9.8,Tierra,Saturno
bc62106a-8944-440e-ab8f-0433eb807bf5,Saturno,0.82,0.62,4.27,9.0,Saturno,Tierra
819e2e30-5a8b-4e42-9a17-14f54b8b2f98,Saturno,2.41,0.64,11.77,9.0,Tierra,Saturno
aff76702-dab3-4231-8d60-c46cd3d46d59,Tierra,1.39,0.42,15.76,9.8,Tierra,Saturno
c0246b8d-c76f-4385-bfe7-ee802df2e37f,Saturno,2.43,0.67,10.83,9.0,Tierra,Saturno
02234ef3-e4f6-4ca2-aed3-820b6c3d898b,Saturno,2.29,0.61,12.31,9.0,Tierra,Saturno
8009e06b-3b4b-4343-a131-455624184fec,Saturno,1.73,0.42,19.61,9.0,Tierra,Saturno
b86b78b7-f8d4-4d82-a860-6f37c8f8cc32,Tierra,1.74,0.64,8.5,9.8,Saturno,Tierra
2cbd14d1-92dd-49b0-ac25-3e22d1be0045,Tierra,1.21,0.56,7.72,9.8,Saturno,Tierra
38a7b4f4-437f-4d1c-a493-5800e11d42e2,Tierra,1.14,0.68,4.93,9.8,Saturno,Tierra
b45b6458-02ea-490f-901f-553da41bbfdd,Tierra,1.09,0.56,6.95,9.8,Saturno,Tierra
1c2585c6-994c-4c3f-8c05-974dd16aaed6,Saturno,1.81,0.63,9.12,9.0,Saturno,Tierra
0bf858d7-4602-4300-a1b1-0c366a495859,Tierra,1.78,0.63,8.97,9.8,Saturno,Tierra
f23acffe-e8f6-4f86-849b-9a54430171ce,Tierra,1.6,0.41,19.04,9.8,Tierra,Saturno
5ccb49b3-d7ff-48c5-b775-e5bc71abea73,Tierra,2.31,0.68,9.99,9.8,Tierra,Saturno
f383bb70-9d47-4346-931c-b03af599e36a,Tierra,1.21,0.55,8.0,9.8,Saturno,Tierra
ddf783f7-2695-4652-bdf6-ef8b94b67314,Tierra,2.28,0.41,27.13,9.8,Tierra,Saturno
a8ead88c-98c6-405f-9d98-58910f50e88f,Saturno,1.28,0.48,11.11,9.0,Tierra,Saturno
6775198e-d94d-4e3a-8a6d-5a43ac18d66d,Tierra,1.66,0.45,16.4,9.8,Tierra,Saturno
c8f7e757-2cab-4b05-8d31-bb7a390f2b54,Saturno,1.62,0.65,7.67,9.0,Saturno,Tierra
9564518e-fb9d-44ba-a645-2c4dfcad599b,Saturno,1.49,0.69,6.26,9.0,Saturno,Tierra
18251173-6d3a-480d-9658-7be286412632,Tierra,2.16,0.65,10.22,9.8,Tierra,Saturno
676b8f62-69d6-427f-8196-a8ba9278b8eb,Tierra,1.57,0.56,10.01,9.8,Tierra,Saturno
cbd532f3-d31a-4fd5-9764-880b003227b0,Saturno,1.92,0.42,21.77,9.0,Tierra,Saturno
f0ec82c0-8743-486c-ae2c-d91dd60da35d,Saturno,2.5,0.53,17.8,9.0,Tierra,Saturno
70ab9cff-7bfc-4c08-9cc7-d161652d99da,Saturno,1.91,0.44,19.73,9.0,Tierra,Saturno
1bfefa09-5185-4c92-af13-0e8270670aa3,Tierra,1.04,0.41,12.37,9.8,Tierra,Saturno
b8213963-3d32-4ece-9c0b-abd1d811eea4,Tierra,1.53,0.49,12.74,9.8,Tierra,Saturno
f24d5b00-b18e-43d1-8131-5be7026232a9,Saturno,1.86,0.47,16.84,9.0,Tierra,Saturno
26ae6692-d00d-46e3-b05e-28e9c547ced9,Tierra,2.2,0.7,8.98,9.8,Saturno,Tierra
266d4c5b-5762-4944-91a2-982914723cb0,Saturno,1.2,0.55,7.93,9.0,Saturno,Tierra
9a09a519-da13-436b-afd1-0fe12e2489dd,Saturno,2.44,0.68,10.55,9.0,Tierra,Saturno
3626c6f1-6008-4fb5-88b2-70bb0efbd9a2,Tierra,2.3,0.69,9.66,9.8,Tierra,Saturno
a4e2d11c-655b-473f-a7f9-7fc85a72639c,Saturno,1.79,0.61,9.62,9.0,Tierra,Saturno
988da65b-c11c-4f62-b101-1b3f87368d3c,Saturno,0.97,0.45,9.58,9.0,Tierra,Saturno
aa795171-917d-49a5-b59e-a303f6618f39,Saturno,0.87,0.44,8.99,9.0,Saturno,Tierra
0a2e0fa3-57fb-448b-a51b-3b5bb22fc96e,Tierra,1.71,0.41,20.35,9.8,Tierra,Saturno
ef8fc17b-a075-4ca4-8390-fc9fdde82474,Tierra,1.4,0.61,7.52,9.8,Saturno,Tierra
56325751-1e0a-4fcc-a2bb-7fee9106f28f,Saturno,1.08,0.53,7.69,9.0,Saturno,Tierra
dc3f7bf9-ea76-479a-a50c-210ec5bc06d2,Saturno,1.28,0.48,11.11,9.0,Tierra,Saturno
58b4db3e-d115-4f92-a31b-7c8dda46ba6b,Tierra,0.92,0.45,9.09,9.8,Saturno,Tierra
87757cf2-7e85-418e-a10e-31b0c47e0a4d,Tierra,2.17,0.48,18.84,9.8,Tierra,Saturno
2a8a79e2-6f03-4223-9926-afca3a530cc7,Saturno,1.5,0.57,9.23,9.0,Saturno,Tierra
620fe782-5cee-40cc-9397-7ce86f607873,Tierra,1.78,0.51,13.69,9.8,Tierra,Saturno
bbe10510-3f54-48cb-8cf6-96ae71c25331,Tierra,1.61,0.48,13.98,9.8,Tierra,Saturno
f6da38f6-49bd-4cdb-9010-147d4d2b7422,Saturno,2.43,0.65,11.5,9.0,Tierra,Saturno
01ab7a53-6a2e-4a6f-80e7-ac6cd1cef1f5,Saturno,0.89,0.63,4.48,9.0,Saturno,Tierra
8d1b5013-1a5d-409f-b64b-4410b0a27c4d,Saturno,2.22,0.41,26.41,9.0,Tierra,Saturno
1af28e8a-16a5-4dd1-b32d-dd7a51b880c9,Saturno,1.02,0.47,9.23,9.0,Saturno,Tierra
b0d8e35e-c4b9-4a73-bbe7-57fccd131034,Saturno,0.84,0.64,4.1,9.0,Saturno,Tierra
e4cbc040-8221-4274-9df0-12c067b09b71,Tierra,2.32,0.49,19.33,9.8,Tierra,Saturno
6c9e4663-e5e6-494c-ab59-fbbb5af96ca8,Saturno,1.3,0.54,8.92,9.0,Saturno,Tierra
6ee0624b-ea48-49cd-bae3-77e351749b91,Saturno,1.68,0.4,21.0,9.0,Tierra,Saturno
1f725d45-cc51-4d9f-8ec4-0c69858cc243,Tierra,1.68,0.58,9.99,9.8,Tierra,Saturno
13c053cb-ea18-4aca-b2a0-8b479c74f0db,Tierra,1.63,0.45,16.1,9.8,Tierra,Saturno
9b3eb128-c7e0-4714-94ff-f40c7621715b,Tierra,2.15,0.61,11.56,9.8,Tierra,Saturno
4ce3017a-738e-4e27-a2d2-f74d3250d6cf,Saturno,2.47,0.66,11.34,9.0,Tierra,Saturno
1f929b9c-f089-42d2-9eef-78447a3155b5,Saturno,1.48,0.52,10.95,9.0,Tierra,Saturno
ab3c81da-ec0c-44fb-bc8c-73b373cf5ac7,Tierra,1.07,0.63,5.39,9.8,Saturno,Tierra
243a9063-eb48-4a0f-9511-5fbf6d5d9e70,Tierra,0.95,0.46,8.98,9.8,Saturno,Tierra
6ebefa3b-24a8-4a26-9543-066297cf4116,Saturno,1.05,0.48,9.11,9.0,Saturno,Tierra
09cf089e-0bb1-4777-bbfc-c2a53109cbff,Saturno,1.91,0.57,11.76,9.0,Tierra,Saturno
7e89c8e9-6427-4f89-a52d-2a599934c843,Saturno,1.88,0.67,8.38,9.0,Saturno,Tierra
0703948f-e66f-4442-905a-758ac9165615,Tierra,1.65,0.52,12.2,9.8,Tierra,Saturno
3afd7d97-984f-46a0-8e7a-299d6b257e9f,Saturno,2.0,0.47,18.11,9.0,Tierra,Saturno
f87436a3-bdc5-4533-af61-eea46b4f85bf,Saturno,1.65,0.56,10.52,9.0,Tierra,Saturno
00974333-7107-4e54-97d2-5367cc4793c3,Saturno,1.02,0.6,5.67,9.0,Saturno,Tierra
49cb316d-3597-4af4-8aed-190f0160b0d2,Tierra,2.27,0.41,27.01,9.8,Tierra,Saturno
88c445c4-d9fe-4039-bab6-9c650ab4f357,Saturno,1.91,0.57,11.76,9.0,Tierra,Saturno
d82e835f-636d-46c4-a105-2211a99bb4a3,Tierra,2.3,0.65,10.89,9.8,Tierra,Saturno
68978249-fef0-474e-ab4e-6b659d5252f4,Saturno,2.22,0.69,9.33,9.0,Saturno,Tierra
ec9128d9-57f5-402f-aedd-1ef9255d97d9,Saturno,1.18,0.54,8.09,9.0,Saturno,Tierra
84595ad7-00b4-4c36-982e-ad4bc69ceec8,Tierra,1.06,0.68,4.58,9.8,Saturno,Tierra
c324c6f0-b061-4132-a12a-dafb8d5350f4,Saturno,1.01,0.62,5.25,9.0,Saturno,Tierra
009cea71-783f-4fc9-9e21-9a67f254309b,Tierra,0.9,0.63,4.54,9.8,Saturno,Tierra
eac24c3f-0da4-4764-9973-bb93f0d0498e,Saturno,1.75,0.68,7.57,9.0,Saturno,Tierra
943102e0-b3b8-4b9c-a310-92ad4fc68810,Saturno,1.05,0.65,4.97,9.0,Saturno,Tierra
8dd4566e-72ca-491e-b8d7-aac60ad8f279,Saturno,1.02,0.48,8.85,9.0,Saturno,Tierra
0cd1c850-6998-4d86-8ad8-88091cb86b29,Tierra,1.48,0.68,6.4,9.8,Saturno,Tierra
3630f65a-90f7-4b60-a5db-d50513a006f1,Tierra,1.9,0.57,11.7,9.8,Tierra,Saturno
9a3f959c-8401-4349-b85b-46a625925077,Saturno,1.6,0.63,8.06,9.0,Saturno,Tierra
1f51aff1-6e76-4ed9-8d8c-c28fd0ee2e16,Saturno,1.97,0.54,13.51,9.0,Tierra,Saturno
e1b3c7eb-1469-4181-8bfd-b59da3a1f63f,Saturno,1.81,0.56,11.54,9.0,Tierra,Saturno
170acb51-2a9f-426b-b3a5-a39c9d0a770d,Tierra,0.96,0.69,4.03,9.8,Saturno,Tierra
fda17b5f-9319-43b0-b699-3a2ae8f70f27,Saturno,0.81,0.56,5.17,9.0,Saturno,Tierra
98ae1840-3a28-4471-b576-4467a5cdd043,Tierra,1.98,0.43,21.42,9.8,Tierra,Saturno
d7f0fcff-9c4e-4437-84ed-ec0dd18e220b,Saturno,1.91,0.42,21.66,9.0,Tierra,Saturno
471c03cd-fa49-4943-8f4f-68bf4abb560f,Saturno,1.42,0.61,7.63,9.0,Saturno,Tierra
95c54d30-e18c-46ac-8742-7be08634ec86,Tierra,0.84,0.55,5.55,9.8,Saturno,Tierra
5b7102c0-ddc4-4410-bf92-1485eaba02d3,Saturno,1.79,0.64,8.74,9.0,Saturno,Tierra
a66f95c9-6fb2-4392-a021-d5529bc466f4,Saturno,1.08,0.52,7.99,9.0,Saturno,Tierra
16d2276b-9d4c-4364-b40d-77926d03e17c,Tierra,1.93,0.4,24.12,9.8,Tierra,Saturno
642e0293-b544-4408-b2d1-f42aacfafbf8,Tierra,1.54,0.69,6.47,9.8,Saturno,Tierra
c210b632-05c1-4df6-ab58-868048a0bbc6,Tierra,2.09,0.55,13.82,9.8,Tierra,Saturno
aad898a2-2e46-4d23-adad-c31366541a9f,Tierra,1.55,0.69,6.51,9.8,Saturno,Tierra
be38430c-ffe1-4cab-bd10-5d98d3d104c8,Tierra,2.39,0.63,12.04,9.8,Tierra,Saturno
309e22e5-3867-42e7-ac87-5c855c5e1767,Saturno,2.45,0.57,15.08,9.0,Tierra,Saturno
b95297c5-9f58-4a55-af31-29cba04f5c79,Saturno,1.2,0.66,5.51,9.0,Saturno,Tierra
6bd6d31e-ac5b-4fc1-8db1-7ab70f8dd224,Saturno,2.1,0.5,16.8,9.0,Tierra,Saturno
7227b12a-cd4a-4062-9171-b5dfe6486393,Tierra,0.85,0.65,4.02,9.8,Saturno,Tierra
54087b2a-3dcc-4f8c-957d-374e741c7e34,Tierra,1.25,0.4,15.62,9.8,Tierra,Saturno
471ba156-3654-4246-a7db-98988549d39a,Saturno,1.67,0.44,17.25,9.0,Tierra,Saturno
2ce21b86-c8ad-4aca-bbad-0dd7538742e9,Tierra,0.98,0.41,11.66,9.8,Tierra,Saturno
a83c05d6-8d13-452f-9b3c-75d87f4b4696,Tierra,1.35,0.62,7.02,9.8,Saturno,Tierra
a91112cc-72b3-492f-94f3-2f08f738607d,Tierra,2.12,0.48,18.4,9.8,Tierra,Saturno
bfa15029-88d4-4c2e-8a9d-75acd9f4aa27,Tierra,2.43,0.45,24.0,9.8,Tierra,Saturno
18eed110-9f1a-4928-8f82-e5e8b368ccd9,Tierra,1.57,0.52,11.61,9.8,Tierra,Saturno
2bfb8090-1eb8-4031-99da-9176a3d6c576,Saturno,2.43,0.49,20.24,9.0,Tierra,Saturno
f19f570e-b572-43de-ac63-39b99c0b16c3,Saturno,1.3,0.64,6.35,9.0,Saturno,Tierra
b66c85d9-517f-423f-b232-f43fd9373077,Saturno,1.27,0.54,8.71,9.0,Saturno,Tierra
1a4def14-cdfb-488d-9b78-e4658352848b,Saturno,1.85,0.41,22.01,9.0,Tierra,Saturno
a7cc0507-b269-4a86-8d47-a5db1640a172,Tierra,2.13,0.49,17.74,9.8,Tierra,Saturno
79a36150-07a5-49bf-a79f-fcb66c523b5b,Tierra,1.09,0.58,6.48,9.8,Saturno,Tierra
c7ca81a3-c7b5-4dc8-8225-8167f8ed9fe5,Saturno,2.46,0.6,13.67,9.0,Tierra,Saturno
5a1351bf-636e-42ea-bef6-873447de2fa1,Saturno,1.86,0.47,16.84,9.0,Tierra,Saturno
5d0da38e-a9a5-44cd-9a13-8a1e4da9c386,Saturno,1.35,0.68,5.84,9.0,Saturno,Tierra
96104c9f-0261-4c34-9ad6-3329f4c203ff,Saturno,1.33,0.66,6.11,9.0,Saturno,Tierra
a999c1ca-c15e-49c2-a1a3-71ed05690117,Tierra,2.37,0.58,14.09,9.8,Tierra,Saturno
e0f34763-f041-4a72-9946-8f666d53b419,Saturno,1.79,0.6,9.94,9.0,Tierra,Saturno
3b8f5bc5-dd41-4b57-823f-bfa996bae17d,Tierra,2.15,0.63,10.83,9.8,Tierra,Saturno
7a566a3d-3d99-4dd1-8f58-f514b0fc81b2,Saturno,1.67,0.5,13.36,9.0,Tierra,Saturno
a15de70e-1d0e-4e8a-b0e6-bd1871318da4,Tierra,2.33,0.43,25.2,9.8,Tierra,Saturno
dafe85c8-64df-438a-842e-d593b098f8e3,Saturno,2.24,0.42,25.4,9.0,Tierra,Saturno
911136a9-31a6-49cc-8fa8-4876bb063051,Saturno,1.52,0.46,14.37,9.0,Tierra,Saturno
bb0685a1-12a3-49fa-912d-15f5dffade6b,Saturno,1.08,0.67,4.81,9.0,Saturno,Tierra
cc0b0d13-c20a-4df9-aef7-4b3362d2fa12,Tierra,2.45,0.68,10.6,9.8,Tierra,Saturno
8f73d673-8a27-4773-9fd7-6e570e10d426,Saturno,1.36,0.59,7.81,9.0,Saturno,Tierra
2530b774-f07c-4eee-8fb4-02afc3e0f0b9,Saturno,1.64,0.69,6.89,9.0,Saturno,Tierra
e55b94e3-ad41-45f5-b78b-93b978557b49,Saturno,1.34,0.43,14.49,9.0,Tierra,Saturno
a66cbffe-08a2-4290-a435-018d1c50037d,Tierra,1.85,0.69,7.77,9.8,Saturno,Tierra
11174be8-5107-4009-b974-5815a3416480,Saturno,1.92,0.64,9.38,9.0,Saturno,Tierra
04193e5d-95a6-4711-9405-e5edfd7f8d0a,Saturno,1.22,0.59,7.01,9.0,Saturno,Tierra
823c0749-eb97-4218-a3e9-9dd11167eb7e,Tierra,2.19,0.53,15.59,9.8,Tierra,Saturno
53654db2-4687-4527-bb35-0f9272690775,Tierra,2.47,0.48,21.44,9.8,Tierra,Saturno
f0775d2b-edc6-4fdb-a495-354a97a55766,Tierra,2.42,0.62,12.59,9.8,Tierra,Saturno
59933ec5-5947-49c4-be70-97fbe2d19165,Saturno,1.6,0.62,8.32,9.0,Saturno,Tierra
4f24dcba-4d77-4962-8282-f171e15ac01c,Tierra,2.46,0.54,16.87,9.8,Tierra,Saturno
7964a5a6-7d92-4680-969f-c56688c4094a,Tierra,1.15,0.64,5.62,9.8,Saturno,Tierra
63b7ff31-af3d-4aa1-a2a6-e0c05741e398,Saturno,1.66,0.58,9.87,9.0,Tierra,Saturno
2f50adde-f5fb-4538-82b6-2abfea3103da,Saturno,1.45,0.47,13.13,9.0,Tierra,Saturno
362acfe7-d63e-4038-83a0-1506f6fbef6c,Saturno,1.61,0.5,12.88,9.0,Tierra,Saturno
4863221b-d7ae-4660-ba58-73e5b209c5cc,Saturno,0.96,0.52,7.1,9.0,Saturno,Tierra
907473ec-b9a6-432a-bbf1-3cb6432b7d76,Saturno,1.35,0.53,9.61,9.0,Tierra,Saturno
71240d98-a00d-41e3-8df4-3fd89b85d3b6,Saturno,2.01,0.59,11.55,9.0,Tierra,Saturno
4d041401-7243-4e1e-89b9-6fc751d33bfe,Tierra,1.28,0.44,13.22,9.8,Tierra,Saturno
a3944d08-bf28-4c55-900a-b94c66607557,Saturno,2.3,0.5,18.4,9.0,Tierra,Saturno
35803f8c-adb2-40fb-937a-b46a62098c50,Saturno,1.92,0.56,12.24,9.0,Tierra,Saturno
8e7bbaa7-e694-4b9c-8011-7f94e41fbc7a,Tierra,2.43,0.45,24.0,9.8,Tierra,Saturno
bfdd6cf4-686c-4a1e-aff1-e4d6a7ca1cb3,Tierra,2.18,0.45,21.53,9.8,Tierra,Saturno
8831e302-8f2a-4386-85ea-b2a8ae767079,Tierra,1.29,0.51,9.92,9.8,Tierra,Saturno
47e03e3e-6a86-48bd-af07-cb543bf0743b,Saturno,1.5,0.51,11.53,9.0,Tierra,Saturno
9fbcbf9f-ddbb-490d-8eee-877e9b10b93e,Tierra,1.28,0.57,7.88,9.8,Saturno,Tierra
a8e6821b-fb6d-44b2-b099-7cea2d412e42,Saturno,2.41,0.59,13.85,9.0,Tierra,Saturno
d0e96e0e-d52a-42d3-97c5-a81dd0993bd0,Saturno,1.7,0.62,8.84,9.0,Saturno,Tierra
5773cabc-77ff-4d78-b213-4865a8fb918f,Tierra,2.49,0.57,15.33,9.8,Tierra,Saturno
b208a225-5378-4ae3-8f45-e316901a67bf,Tierra,2.43,0.49,20.24,9.8,Tierra,Saturno
8946d1e1-0447-4661-ac85-57a99c921f7e,Saturno,2.28,0.5,18.24,9.0,Tierra,Saturno
fad5db09-79ff-436e-a31b-ded6fe04a6f8,Tierra,1.92,0.6,10.67,9.8,Tierra,Saturno
f1d9fae1-cb0b-40b9-828b-630147540d83,Tierra,2.33,0.45,23.01,9.8,Tierra,Saturno
5ac7ce7d-62e6-43b8-b851-c9fb27bfd100,Saturno,1.62,0.68,7.01,9.0,Saturno,Tierra
aea04b10-2e05-489a-92ee-eb364a6bf571,Tierra,1.27,0.43,13.74,9.8,Tierra,Saturno
f80f6ce5-34c6-4e44-84a2-56ed675d8afc,Tierra,2.04,0.62,10.61,9.8,Tierra,Saturno
9b27b8cc-581a-44fa-b2df-1824b0cc547c,Saturno,2.06,0.48,17.88,9.0,Tierra,Saturno
c5c1ce66-6dfd-4b0b-a4b2-de90dafbb3e1,Tierra,1.95,0.42,22.11,9.8,Tierra,Saturno
dc296790-00d2-4825-9b12-6351ff07a7dd,Tierra,2.2,0.6,12.22,9.8,Tierra,Saturno
90fefda8-06dc-47b9-b607-3522e8bbd11d,Saturno,1.99,0.49,16.58,9.0,Tierra,Saturno
51eb092a-c692-4cc1-a9bd-9d95e0e93c94,Saturno,0.94,0.63,4.74,9.0,Saturno,Tierra
428bd0ac-c816-4b25-824e-9f567d532ec9,Tierra,1.48,0.62,7.7,9.8,Saturno,Tierra
3083dd68-daa5-4a40-a977-104878db1611,Saturno,1.71,0.66,7.85,9.0,Saturno,Tierra
210ba399-700a-4682-b1b5-3f6f18a3bf09,Saturno,1.6,0.65,7.57,9.0,Saturno,Tierra
93b621f4-bc15-4054-9da4-09512d22839f,Tierra,2.12,0.51,16.3,9.8,Tierra,Saturno
efe13901-2fd1-4e4e-bc38-6af42b7de568,Saturno,0.81,0.43,8.76,9.0,Saturno,Tierra
af93c10f-7d26-4141-b237-f55bb325d5a8,Saturno,1.31,0.69,5.5,9.0,Saturno,Tierra
a1072e79-9ea8-4a6a-b64c-6ec10ff2b112,Saturno,1.59,0.47,14.4,9.0,Tierra,Saturno
669e94e8-057f-4e1a-8455-a9bd23242469,Saturno,0.82,0.68,3.55,9.0,Saturno,Tierra
d957b897-16ef-4d98-8142-1aac442e94ee,Tierra,2.27,0.57,13.97,9.8,Tierra,Saturno
95ac63b7-9ed7-4871-b988-120b3b286602,Tierra,0.98,0.57,6.03,9.8,Saturno,Tierra
1bad3130-dc08-4497-8153-6ecb2763e520,Tierra,0.9,0.67,4.01,9.8,Saturno,Tierra
f7a342ba-577c-4dda-b807-534db77d0018,Saturno,1.66,0.58,9.87,9.0,Tierra,Saturno
b4c21806-50c2-438d-babc-ad5b9b5d156f,Tierra,1.57,0.61,8.44,9.8,Saturno,Tierra
bc680287-6821-4b58-a22f-69b9696cf845,Tierra,1.5,0.63,7.56,9.8,Saturno,Tierra
5c15527e-9bd6-48bf-98a7-0a89206503c6,Saturno,1.68,0.43,18.17,9.0,Tierra,Saturno
23121b36-2fa4-434a-9e01-2f0b99b785c0,Saturno,2.22,0.68,9.6,9.0,Tierra,Saturno
9845d308-84ac-42b8-86c9-3140b28b42e0,Saturno,1.64,0.62,8.53,9.0,Saturno,Tierra
9feb082b-9ff5-4b85-807d-61b791c1156e,Tierra,1.6,0.51,12.3,9.8,Tierra,Saturno
c44595e7-0d8a-450b-bed8-cd2a03519970,Tierra,1.47,0.54,10.08,9.8,Tierra,Saturno
fb7e26a5-8e7a-471b-9333-c27385567fb5,Saturno,1.39,0.4,17.37,9.0,Tierra,Saturno
7cbd4574-e95f-40f7-99f7-d1027481dc22,Saturno,0.87,0.57,5.36,9.0,Saturno,Tierra
6c595bf8-dc2b-44a4-95ef-11189ca9db4d,Tierra,1.87,0.67,8.33,9.8,Saturno,Tierra
5beb9264-99fe-44ab-b93f-c48f46d7e74c,Saturno,1.94,0.56,12.37,9.0,Tierra,Saturno
9a025056-1107-4116-8a32-88d8367f1ff6,Saturno,2.13,0.66,9.78,9.0,Tierra,Saturno
9e5f25f4-d738-40cf-b4b9-86b04c6eb40f,Tierra,2.22,0.65,10.51,9.8,Tierra,Saturno
c4705418-0399-439a-9e1f-5de811ffc51f,Saturno,1.06,0.67,4.72,9.0,Saturno,Tierra
b41189d1-3765-4be6-bbce-1f99b32cb7e7,Saturno,2.24,0.52,16.57,9.0,Tierra,Saturno
0dbaa3b8-ddc0-48a1-8ceb-8230fb5a15b7,Tierra,2.49,0.45,24.59,9.8,Tierra,Saturno
b453bbf6-c747-4df6-924a-dff6913be141,Saturno,1.11,0.6,6.17,9.0,Saturno,Tierra
6202837b-f564-491a-8f99-96c2d66c6825,Tierra,2.0,0.68,8.65,9.8,Saturno,Tierra
f1fc60d8-6a4c-4ae0-b637-f6ed515694cb,Tierra,2.45,0.46,23.16,9.8,Tierra,Saturno
3574ccbd-29b6-43ce-ad5a-11a5169eb19c,Tierra,2.2,0.7,8.98,9.8,Saturno,Tierra
34717ae2-19d9-4e47-9cbb-d91fe5b18660,Tierra,1.76,0.62,9.16,9.8,Saturno,Tierra
02dec489-3071-4570-bb5d-0471f6dcc252,Saturno,1.85,0.69,7.77,9.0,Saturno,Tierra
fd4650dd-327e-4c36-9a92-9670b032b090,Tierra,0.94,0.51,7.23,9.8,Saturno,Tierra
9c4677f8-7fcf-4b42-a919-e5e2565996fb,Saturno,2.29,0.61,12.31,9.0,Tierra,Saturno
da82f04e-bf17-448a-9a13-835eef228274,Saturno,1.02,0.69,4.28,9.0,Saturno,Tierra
61c7e088-52ed-4419-9277-3bd1fc93e42c,Saturno,2.5,0.68,10.81,9.0,Tierra,Saturno
8aa33d42-0b83-4e57-a42f-91e0e61efe26,Tierra,1.2,0.58,7.13,9.8,Saturno,Tierra
1dd3c538-5ba2-47df-b388-3d99062fdd87,Tierra,2.07,0.56,13.2,9.8,Tierra,Saturno
6026645c-37ab-48c7-8dc0-2c36b3825583,Tierra,1.21,0.59,6.95,9.8,Saturno,Tierra
16b7192f-5bba-4ea7-99c2-ac7c27ceb812,Saturno,2.5,0.66,11.48,9.0,Tierra,Saturno
a5e23ced-f7e9-4cd4-8317-e5294c5aed7f,Tierra,1.84,0.7,7.51,9.8,Saturno,Tierra
2a0ac6d3-fe4d-42fa-a927-b4f6f5dc8aac,Tierra,1.76,0.53,12.53,9.8,Tierra,Saturno
bfc3e0ed-6125-451a-9116-c6b45188f4da,Saturno,1.55,0.51,11.92,9.0,Tierra,Saturno
1184f5e7-b426-4f46-9189-5774c2baebd5,Tierra,2.11,0.63,10.63,9.8,Tierra,Saturno
7ae9fc90-b2b6-4868-a73d-95c7f40dabb4,Tierra,1.19,0.66,5.46,9.8,Saturno,Tierra
0083b725-c774-44ab-aad7-5458d17bf006,Tierra,1.38,0.58,8.2,9.8,Saturno,Tierra
837e864b-897f-413e-9105-665ddae239ef,Tierra,2.12,0.47,19.19,9.8,Tierra,Saturno
35fa440b-3a82-46ef-91b3-d7eb9eabc015,Tierra,2.22,0.53,15.81,9.8,Tierra,Saturno
c82302ed-e3ec-4475-9091-e1328e6e8ebb,Saturno,1.19,0.49,9.91,9.0,Tierra,Saturno
83d37e93-04b4-4de7-b3ea-d1863b709c10,Saturno,1.44,0.49,12.0,9.0,Tierra,Saturno
383c2cfb-49c8-4259-9693-a5f405575808,Saturno,1.41,0.57,8.68,9.0,Saturno,Tierra
b10b22e8-8c38-48c5-9689-b40660ca1706,Saturno,2.22,0.55,14.68,9.0,Tierra,Saturno
094c0d89-9bf3-4af0-9c4a-82a21b0819a0,Tierra,2.18,0.51,16.76,9.8,Tierra,Saturno
ef0947a9-a768-4446-8775-66d01f8dd580,Saturno,1.58,0.58,9.39,9.0,Saturno,Tierra
64daf99f-08db-4b29-bbe5-8414546b9f73,Tierra,2.33,0.56,14.86,9.8,Tierra,Saturno
0f0a008e-cd43-48ad-9987-b8abd5121eac,Saturno,0.91,0.65,4.31,9.0,Saturno,Tierra
6aa2f159-bb31-402e-92cb-87dda3646ead,Tierra,2.3,0.61,12.36,9.8,Tierra,Saturno
c4408249-e674-4239-b69b-b2961bff58a6,Tierra,1.95,0.62,10.15,9.8,Tierra,Saturno
b358d516-5adb-4711-b29b-dd9e621c10d1,Tierra,2.24,0.42,25.4,9.8,Tierra,Saturno
09242af8-98ff-4966-acdd-3c40e81abf15,Tierra,0.86,0.67,3.83,9.8,Saturno,Tierra
e3938d8d-6ab2-4252-8364-c0c40836b6c3,Saturno,2.0,0.64,9.77,9.0,Tierra,Saturno
a02852f7-8ba9-4130-bbc1-271a59882f4e,Tierra,1.55,0.62,8.06,9.8,Saturno,Tierra
4b478284-b691-4f25-b30b-dd88a22f1f04,Tierra,2.11,0.47,19.1,9.8,Tierra,Saturno
d582e146-1ee9-46c7-af57-14cfbaf05934,Saturno,1.85,0.55,12.23,9.0,Tierra,Saturno
367cf6a4-3b0a-4653-880b-fe101ab03135,Tierra,2.01,0.51,15.46,9.8,Tierra,Saturno
8726fc0b-f6fe-46d6-b05b-593a0670379c,Tierra,2.2,0.49,18.33,9.8,Tierra,Saturno
385275e5-89fc-4546-9a27-492b3f937d18,Saturno,2.21,0.64,10.79,9.0,Tierra,Saturno
a81f3906-68be-4719-b17d-dfcf0fa0fd0d,Saturno,0.84,0.67,3.74,9.0,Saturno,Tierra
467535a0-1664-401f-9224-ab32147fb092,Saturno,1.09,0.56,6.95,9.0,Saturno,Tierra
7064731a-3d88-4153-b001-398e3aa67c71,Saturno,1.5,0.53,10.68,9.0,Tierra,Saturno
40ab752c-17d6-40c7-b348-1917cdeca90a,Saturno,1.75,0.58,10.4,9.0,Tierra,Saturno
eb11bb42-484f-4d98-ab6d-1773f82b0977,Saturno,0.81,0.47,7.33,9.0,Saturno,Tierra
611e92d7-d466-4d3d-ae30-3b007b183773,Saturno,1.25,0.49,10.41,9.0,Tierra,Saturno
64bbedde-b048-49ec-8093-0b9612d16d33,Saturno,2.12,0.44,21.9,9.0,Tierra,Saturno
42f1d7fb-1cb8-46d1-b9fd-781b1b0704c8,Tierra,1.19,0.59,6.84,9.8,Saturno,Tierra
6d6bc643-ccca-4840-ba45-5fdf77c8f395,Tierra,1.11,0.47,10.05,9.8,Tierra,Saturno
0a34f536-2e73-4135-9be1-f4a689b46bfe,Saturno,2.44,0.7,9.96,9.0,Tierra,Saturno
e0d60f0b-da32-48bb-8247-d6b301ceadd7,Tierra,2.03,0.68,8.78,9.8,Saturno,Tierra
02d2fe43-ac11-4c34-90ec-8eb7ac95cd30,Tierra,1.22,0.68,5.28,9.8,Saturno,Tierra
87fccde8-1ffe-4c50-843b-61aa4301a7d8,Tierra,0.86,0.62,4.47,9.8,Saturno,Tierra
8ed12cd4-cfba-4d78-bcbd-b6d978dc2ff3,Tierra,2.34,0.48,20.31,9.8,Tierra,Saturno
372066fe-41cf-4de5-a3ba-0908e6b11db3,Tierra,1.74,0.54,11.93,9.8,Tierra,Saturno
9e072bff-1dc4-4166-8a74-50254fd943db,Saturno,0.92,0.68,3.98,9.0,Saturno,Tierra
7a0c34c1-faee-4fb8-a614-33143937dab2,Tierra,0.96,0.45,9.48,9.8,Tierra,Saturno
7fc1264d-d32d-47b8-9f82-8da226c7d91f,Tierra,1.32,0.64,6.45,9.8,Saturno,Tierra
5a2f7ab9-fbc5-4e63-8633-c31d840eef07,Tierra,1.57,0.67,6.99,9.8,Saturno,Tierra
1a6c3187-0c3a-49b6-8520-983af13d7bf4,Tierra,2.47,0.56,15.75,9.8,Tierra,Saturno
e1780edf-78f0-439f-bbed-5e3caf1960bf,Saturno,2.0,0.46,18.9,9.0,Tierra,Saturno
0f693442-c558-4c69-8715-33808bc64429,Tierra,2.38,0.53,16.95,9.8,Tierra,Saturno
806f5ed4-ecc2-4163-a88d-c3f36d41571a,Tierra,1.06,0.46,10.02,9.8,Tierra,Saturno
0f5f0d3b-83e9-46f6-8229-e28725555ff3,Saturno,2.17,0.45,21.43,9.0,Tierra,Saturno
0d0782e4-9038-4ea4-aa9e-93e923e51d39,Tierra,2.18,0.67,9.71,9.8,Tierra,Saturno
75c28a10-e3ba-4afe-af7e-5df97fe606b9,Tierra,1.46,0.49,12.16,9.8,Tierra,Saturno
ab16c0c8-e43c-45b0-9cf5-457d725ed778,Tierra,2.12,0.48,18.4,9.8,Tierra,Saturno
0d2fb288-d0c5-4aca-b58b-3a5afd52d0e6,Tierra,2.39,0.7,9.76,9.8,Tierra,Saturno
0f913d98-a96b-4bfb-985f-19b207ce62ec,Tierra,2.11,0.64,10.3,9.8,Tierra,Saturno
1a069f07-9be3-4edb-842a-f73a319223b8,Saturno,1.87,0.47,16.93,9.0,Tierra,Saturno
f8a4e303-9697-4533-b0d2-0c234d605660,Saturno,1.61,0.54,11.04,9.0,Tierra,Saturno
3270cdc3-454c-4331-8cc3-2d1eab5c47ad,Saturno,1.42,0.46,13.42,9.0,Tierra,Saturno
1a9978b2-4713-480c-9e0f-fe32e9ea9b2a,Tierra,1.3,0.59,7.47,9.8,Saturno,Tierra
8125bc55-24d5-44db-93cf-31ee94550a3d,Saturno,0.89,0.42,10.09,9.0,Tierra,Saturno
8639e1e9-1cb3-4f12-a520-c99cd3ccc4ff,Saturno,2.43,0.42,27.55,9.0,Tierra,Saturno
26600868-3e0c-43a0-87b5-02c95f0083e0,Tierra,1.78,0.42,20.18,9.8,Tierra,Saturno
070e571a-3630-4b55-b4c3-f44e5ad30366,Tierra,0.84,0.54,5.76,9.8,Saturno,Tierra
f6ebe335-c935-47ee-b8aa-1fef3246cfdd,Tierra,1.45,0.65,6.86,9.8,Saturno,Tierra
fcf1db59-a602-4643-ab0b-b8b4f4523c10,Tierra,0.84,0.61,4.51,9.8,Saturno,Tierra
36224353-e9c5-4705-8bf0-04bc6e89a584,Saturno,1.08,0.57,6.65,9.0,Saturno,Tierra
9fdd4d7e-9db7-47cd-9d51-3be4af77f86c,Tierra,1.22,0.47,11.05,9.8,Tierra,Saturno
0b556695-b614-458a-898a-6044d54aac26,Tierra,1.04,0.66,4.78,9.8,Saturno,Tierra
92b8dd85-91ce-4fd2-a21b-5c94a6462724,Saturno,1.71,0.61,9.19,9.0,Saturno,Tierra
86019a63-7aa0-42f5-9e02-598ea88e3de0,Saturno,1.25,0.6,6.94,9.0,Saturno,Tierra
7eba6c95-a164-4009-8ee3-95c7f199a69d,Saturno,2.3,0.66,10.56,9.0,Tierra,Saturno
7ab38ec0-6291-40a0-8290-1124521d0b8a,Saturno,1.94,0.67,8.64,9.0,Saturno,Tierra
f62733b0-ae55-463a-be61-824e5d5dbd20,Saturno,1.54,0.45,15.21,9.0,Tierra,Saturno
c2bc0a1e-a661-4c94-b9e1-55addc09c813,Tierra,1.71,0.67,7.62,9.8,Saturno,Tierra
3d2ab02d-2e7a-49c4-9b68-296f4da801bf,Tierra,1.06,0.53,7.55,9.8,Saturno,Tierra
12800246-c523-4b8b-b185-222de6fd9a88,Saturno,2.4,0.46,22.68,9.0,Tierra,Saturno
7082c966-b23c-4239-80b9-f2f4a35136a4,Tierra,2.25,0.5,18.0,9.8,Tierra,Saturno
bee8532f-407a-418e-81fe-ae99055d2482,Saturno,2.12,0.45,20.94,9.0,Tierra,Saturno
ada788d6-47b7-4692-ae4a-5d649187777e,Tierra,1.79,0.42,20.29,9.8,Tierra,Saturno
5f1398da-abed-4fe1-9eec-b04cc80f153f,Tierra,1.1,0.67,4.9,9.8,Saturno,Tierra
d41683ad-d905-4528-9f21-558cb9125da1,Tierra,1.23,0.48,10.68,9.8,Tierra,Saturno
cfc42da8-cad2-462f-a4ca-30d1448fd4b5,Saturno,1.72,0.55,11.37,9.0,Tierra,Saturno
c00b72d3-67ae-4963-8a07-102e77fa6ef4,Tierra,1.85,0.58,11.0,9.8,Tierra,Saturno
c270bb7c-73e2-4fc6-afcc-333793a23f58,Tierra,0.84,0.51,6.46,9.8,Saturno,Tierra
d0665aa3-efbc-4c75-b3ab-e85bd4ddf6f8,Tierra,1.43,0.53,10.18,9.8,Tierra,Saturno
ac556c8d-c43b-48c1-9c96-fcb72f0bc28c,Tierra,1.24,0.61,6.66,9.8,Saturno,Tierra
2dc34c63-7888-461b-953c-d766d37eaf24,Saturno,1.16,0.68,5.02,9.0,Saturno,Tierra
3422ff63-15f8-4c39-9378-f250a990a0fc,Saturno,1.9,0.69,7.98,9.0,Saturno,Tierra
10e9379f-6c8f-4342-b077-7258da1f6ae7,Saturno,0.85,0.63,4.28,9.0,Saturno,Tierra
e18b1867-6105-4019-8444-c81fe8421eb0,Saturno,1.12,0.41,13.33,9.0,Tierra,Saturno
d08bfde2-cd73-47bb-b478-ac260d8c56da,Saturno,1.66,0.42,18.82,9.0,Tierra,Saturno
5c73752f-de90-410b-a833-6d714a3481ad,Tierra,0.95,0.67,4.23,9.8,Saturno,Tierra
67ebdee9-3b5a-4c52-ade2-d4931ec1b0b4,Tierra,1.6,0.51,12.3,9.8,Tierra,Saturno
4fe89f0f-69c2-48db-91fb-9a5c2b613732,Saturno,1.05,0.69,4.41,9.0,Saturno,Tierra
160e3320-ba74-412b-9d2e-a939656e2cc2,Tierra,2.15,0.44,22.21,9.8,Tierra,Saturno
365f10f0-769d-40b7-8dfa-71f7c21a654b,Saturno,1.68,0.47,15.21,9.0,Tierra,Saturno
956f3239-b2cd-40f9-aa6c-f80360a364d4,Saturno,1.54,0.57,9.48,9.0,Tierra,Saturno
5da24405-0e47-4dd6-baf8-fcd97bd3b179,Tierra,1.04,0.47,9.42,9.8,Tierra,Saturno
6e0c3507-149e-45c8-85ff-c75503861676,Tierra,2.04,0.41,24.27,9.8,Tierra,Saturno
df3476fb-976f-4f83-a7f7-9772f0724c32,Tierra,1.96,0.67,8.73,9.8,Saturno,Tierra
2fbfa877-b9ca-407f-938c-bb5a663b11fc,Saturno,0.86,0.64,4.2,9.0,Saturno,Tierra
c525ab16-68ff-4dd7-b8d9-e9b3ee5fcdec,Tierra,1.07,0.67,4.77,9.8,Saturno,Tierra
3b25754c-e54b-4b96-8b02-aa8998483124,Tierra,1.6,0.62,8.32,9.8,Saturno,Tierra
7423607b-601f-4158-860e-8ba1bcdc90f8,Saturno,1.46,0.57,8.99,9.0,Saturno,Tierra
0bd26e40-d947-420b-91be-c1e46ea0d0fc,Saturno,2.46,0.66,11.29,9.0,Tierra,Saturno
4b2f3a11-8c10-45e4-9b9c-ac3d5f6b9974,Tierra,2.2,0.58,13.08,9.8,Tierra,Saturno
a63b9d1b-6fbc-4c16-9030-e204fcc5dbba,Saturno,1.33,0.54,9.12,9.0,Saturno,Tierra
5c54d6fb-c076-4402-bfe6-69a9e07ed3f3,Saturno,0.89,0.58,5.29,9.0,Saturno,Tierra
26d67535-7eea-4698-b085-1f0669620fbe,Tierra,1.87,0.63,9.42,9.8,Tierra,Saturno
bde1dc8d-a089-4824-bf70-3b107db696ba,Tierra,1.06,0.4,13.25,9.8,Tierra,Saturno
cc7dc959-dac0-4ef7-a7b5-ea17b0bf549d,Saturno,1.19,0.56,7.59,9.0,Saturno,Tierra
0497852e-3131-4b3b-9ccb-695d61217635,Tierra,1.01,0.42,11.45,9.8,Tierra,Saturno
a0fb65c1-0975-4173-8121-2f99de379389,Saturno,1.36,0.55,8.99,9.0,Saturno,Tierra
7c750afd-0e18-4f2b-a489-086d1d7e19ea,Tierra,1.11,0.67,4.95,9.8,Saturno,Tierra
08011780-d181-4d9b-979b-24f976786eb3,Saturno,1.59,0.65,7.53,9.0,Saturno,Tierra
639cb32d-0445-4b61-beb4-db25c7952955,Tierra,2.34,0.7,9.55,9.8,Tierra,Saturno
7c25551e-94fd-4aa6-96c1-53b64084e369,Saturno,1.45,0.57,8.93,9.0,Saturno,Tierra
b6b03d7c-827a-488c-a02f-06680cc750d1,Saturno,1.03,0.44,10.64,9.0,Tierra,Saturno
9cfb521b-c9e4-4b75-ab92-b48a5061b657,Saturno,1.48,0.41,17.61,9.0,Tierra,Saturno
7deee267-1309-4d07-885e-8a2e96265497,Saturno,1.49,0.66,6.84,9.0,Saturno,Tierra
6bc40047-aa5f-437f-9d9e-f96fcb0d0a1b,Saturno,2.05,0.65,9.7,9.0,Tierra,Saturno
b137960f-6217-4e48-8530-5f17798a6123,Saturno,0.81,0.51,6.23,9.0,Saturno,Tierra
92d7e831-8e4e-4e6f-bcaa-d1f5372615fd,Saturno,1.39,0.54,9.53,9.0,Tierra,Saturno
68974472-a067-4dbd-8bbe-36c56507af7e,Tierra,1.69,0.63,8.52,9.8,Saturno,Tierra
03dcfb9e-3bc5-44d1-b926-b64d98855ee8,Tierra,1.61,0.53,11.46,9.8,Tierra,Saturno
aad29cb1-8883-4959-bead-ffdd76cf9012,Saturno,0.82,0.66,3.76,9.0,Saturno,Tierra
0ec44965-f412-4569-b2ac-1c5e16c1afa7,Saturno,1.75,0.46,16.54,9.0,Tierra,Saturno
64479e8a-566b-4d95-ab5d-0d223e0a2fad,Saturno,1.44,0.69,6.05,9.0,Saturno,Tierra
2d5dd3c8-eb59-4a8a-959e-24bb6f655b95,Saturno,0.98,0.51,7.54,9.0,Saturno,Tierra
d333c39b-1229-447f-8f57-837331710573,Saturno,2.11,0.58,12.54,9.0,Tierra,Saturno
978447af-6ce7-4220-b2b5-db9d0dff807e,Tierra,0.91,0.49,7.58,9.8,Saturno,Tierra
426b7194-1a55-4609-8588-c50533097f39,Tierra,0.96,0.51,7.38,9.8,Saturno,Tierra
a9619429-72f9-4ae5-aa30-a60497c1cd23,Saturno,1.86,0.7,7.59,9.0,Saturno,Tierra
586af43c-5192-48cf-ac86-ad8ee2a74c0c,Saturno,1.2,0.57,7.39,9.0,Saturno,Tierra
9eef46d1-11ad-4109-b331-f8427ad90aa1,Saturno,1.89,0.59,10.86,9.0,Tierra,Saturno
89a8b422-858f-4513-94e5-2e2c1e5fac01,Saturno,1.31,0.68,5.67,9.0,Saturno,Tierra
dc178723-ac68-4fa6-b204-8bb98cc539a5,Saturno,1.51,0.66,6.93,9.0,Saturno,Tierra
5b5fbeb8-86e9-4ee3-ae3e-2f6fb92acc41,Saturno,0.94,0.54,6.45,9.0,Saturno,Tierra
b7d88f23-3b72-464e-aa3b-2aabbc0e9217,Saturno,1.05,0.68,4.54,9.0,Saturno,Tierra
210aab4b-8c06-46fa-aa49-ecc5d7b7a23e,Tierra,2.05,0.67,9.13,9.8,Saturno,Tierra
9136b18c-6ae7-41fb-b20c-3c1564ce64bb,Tierra,1.52,0.55,10.05,9.8,Tierra,Saturno
4fcd4cab-c297-4dee-be43-3a90f73de5cc,Tierra,1.35,0.55,8.93,9.8,Saturno,Tierra
fd08c176-5d05-44ad-aff1-90d2d77355dc,Tierra,1.85,0.41,22.01,9.8,Tierra,Saturno
90b40d21-0746-4151-84c2-9df0e60a9352,Saturno,2.06,0.69,8.65,9.0,Saturno,Tierra
3c7b18b1-1590-4fff-9f4e-8fccaa33d5bb,Tierra,1.5,0.6,8.33,9.8,Saturno,Tierra
25370b5f-79b4-4bb7-99d2-0304a78ca4fe,Saturno,1.59,0.69,6.68,9.0,Saturno,Tierra
810a1eb5-1886-4cf2-8b3e-57212b069a55,Tierra,2.47,0.44,25.52,9.8,Tierra,Saturno
5c293cdc-e914-400a-aa53-032edb3b0fd5,Saturno,0.81,0.58,4.82,9.0,Saturno,Tierra
97cfa329-747f-4a51-827c-b561fbbcef40,Tierra,1.0,0.5,8.0,9.8,Saturno,Tierra
190d4364-bbfc-4652-850a-d7a187a8b525,Saturno,1.1,0.66,5.05,9.0,Saturno,Tierra
b3f132f5-e895-46ec-97f4-b787c54b59d6,Saturno,1.24,0.41,14.75,9.0,Tierra,Saturno
6a21750a-efad-4a3d-8ad5-4bd14464a697,Tierra,1.64,0.49,13.66,9.8,Tierra,Saturno
0ca83ba7-cf90-4bec-9916-d347edf5c0c0,Tierra,1.72,0.64,8.4,9.8,Saturno,Tierra
b12b563e-35f3-4174-b636-df587fc7a34a,Tierra,1.56,0.54,10.7,9.8,Tierra,Saturno
dd96b3cf-840b-4cae-b738-bfed62b2becd,Tierra,0.92,0.63,4.64,9.8,Saturno,Tierra
924f8ed9-22cf-4cf4-a49c-2596dc6abf8f,Tierra,1.14,0.48,9.9,9.8,Tierra,Saturno
ff64bebe-579f-46b9-a9cc-a396fc3c9e56,Tierra,1.48,0.51,11.38,9.8,Tierra,Saturno
f7ecdafd-ac6e-4f04-b33e-00ab7893e4a5,Saturno,2.07,0.58,12.31,9.0,Tierra,Saturno
f70bec6f-9839-405b-949a-576064402a9e,Saturno,2.46,0.43,26.61,9.0,Tierra,Saturno
2342947a-71b6-4b34-bfa9-260c0929894e,Saturno,2.39,0.69,10.04,9.0,Tierra,Saturno
86914dd2-2444-4be9-9247-5fbca0d63c21,Tierra,1.33,0.45,13.14,9.8,Tierra,Saturno
7fe32f49-43f0-4a02-be58-8a3ce12141cd,Saturno,0.84,0.47,7.61,9.0,Saturno,Tierra
0350facf-84ca-455b-9b82-4de71f941d3c,Saturno,1.3,0.6,7.22,9.0,Saturno,Tierra
f2dfaf3d-928b-4105-bd9e-4210c0054902,Saturno,2.34,0.57,14.4,9.0,Tierra,Saturno
fcd92677-eee9-49ee-995e-ecada4a454c7,Saturno,2.4,0.6,13.33,9.0,Tierra,Saturno
fe5cfcda-176a-4069-9566-2cae7560da57,Tierra,1.48,0.48,12.85,9.8,Tierra,Saturno
28e6f0f3-f59e-4147-b050-a47e12b26cfb,Tierra,1.29,0.46,12.19,9.8,Tierra,Saturno
4b187803-db32-4aae-8f92-0ca5e90ccf61,Saturno,0.93,0.41,11.06,9.0,Tierra,Saturno
9627a9b0-2559-4ba8-b62d-b47b7f708375,Saturno,2.34,0.66,10.74,9.0,Tierra,Saturno
c5454210-b199-4cc4-9b60-31f0b9d8e591,Saturno,2.38,0.55,15.74,9.0,Tierra,Saturno
14489d4c-d071-415a-9a0e-da90d590e3ce,Saturno,1.56,0.69,6.55,9.0,Saturno,Tierra
ff7b694b-e659-40e7-8553-9f5e6f0fb2ab,Tierra,1.95,0.42,22.11,9.8,Tierra,Saturno
8352177e-3488-4b04-a7f3-ea17d0c89e6b,Tierra,2.31,0.65,10.93,9.8,Tierra,Saturno
e6a9994a-6e1c-4839-b1d6-67b6f230ee16,Saturno,1.23,0.41,14.63,9.0,Tierra,Saturno
7c3c03ee-5493-48a5-913c-daf84b14eadd,Tierra,2.4,0.4,30.0,9.8,Tierra,Saturno
ea7ecb5e-b61d-4f1f-bc5a-3fe5e405e221,Saturno,1.06,0.45,10.47,9.0,Tierra,Saturno
e2f3da63-135a-4cbd-9b16-a7244d53b251,Tierra,2.45,0.47,22.18,9.8,Tierra,Saturno
5fda3373-d3da-432a-bd27-47a1b1eb5a57,Saturno,2.31,0.65,10.93,9.0,Tierra,Saturno
075a466e-0f07-4a10-985e-6524e35dad81,Tierra,1.55,0.64,7.57,9.8,Saturno,Tierra
c2a048de-de18-4f16-baf2-5e0195ced46c,Saturno,1.49,0.7,6.08,9.0,Saturno,Tierra
fe761663-81c6-4047-9c35-5a1406950350,Saturno,1.41,0.65,6.67,9.0,Saturno,Tierra
0e9b3d7c-ec43-41c1-9337-3931d2d753e0,Saturno,1.14,0.54,7.82,9.0,Saturno,Tierra
0ee8e762-a1da-42fa-b69c-f08cfb176b7b,Tierra,0.88,0.69,3.7,9.8,Saturno,Tierra
dd62cf52-b5eb-48f0-9a59-9db8b467e3b8,Tierra,0.82,0.43,8.87,9.8,Saturno,Tierra
eb32deb1-0ea0-463b-83b9-63b9fab31757,Tierra,2.31,0.59,13.27,9.8,Tierra,Saturno
566e2f03-f3d9-476a-a7c1-c2fc5284bb96,Tierra,1.86,0.55,12.3,9.8,Tierra,Saturno
f1cb33a0-2c75-4840-99cc-1183474c82e8,Tierra,1.87,0.55,12.36,9.8,Tierra,Saturno
0712873c-779d-4ee1-945f-e11c2a0b19bd,Tierra,2.27,0.66,10.42,9.8,Tierra,Saturno
244595cf-ca2d-40b4-b71c-1a241a3f03b1,Tierra,1.19,0.59,6.84,9.8,Saturno,Tierra
e2bfd7b0-2078-440c-85c8-72168f40f823,Tierra,1.71,0.45,16.89,9.8,Tierra,Saturno
e6ea98ed-b2ee-4118-8c39-269c036ab21b,Tierra,1.59,0.62,8.27,9.8,Saturno,Tierra
0cb44220-f5a9-4b1d-8236-60fb6f2bfea2,Tierra,1.99,0.66,9.14,9.8,Saturno,Tierra
3f35165a-f999-4b78-bd51-61ff00a115e5,Saturno,1.59,0.63,8.01,9.0,Saturno,Tierra
b18651e6-8aa1-4035-9244-dfb5a5f6274a,Saturno,1.95,0.64,9.52,9.0,Tierra,Saturno
6159cca0-2a51-4479-b0e5-6f77fc1d5ffc,Tierra,2.11,0.64,10.3,9.8,Tierra,Saturno
9125d11c-8fb2-4e89-9f68-e5836a32b3d2,Saturno,1.93,0.48,16.75,9.0,Tierra,Saturno
4423edd6-fd5a-410d-ba89-8d5b97f25791,Saturno,1.43,0.56,9.12,9.0,Saturno,Tierra
257326e0-696d-416c-bd78-4ad721120d8e,Saturno,1.79,0.42,20.29,9.0,Tierra,Saturno
50d1b5e3-0a1e-4d37-8618-948c61f8f93f,Tierra,1.42,0.7,5.8,9.8,Saturno,Tierra
cc212a93-a8cf-4599-a570-f280db452d17,Saturno,2.15,0.59,12.35,9.0,Tierra,Saturno
74d90d1c-d9e2-40a4-a1c8-dc3bc1476999,Saturno,1.34,0.44,13.84,9.0,Tierra,Saturno
4e064760-75d7-411d-8113-b383ea277fe6,Tierra,1.58,0.57,9.73,9.8,Tierra,Saturno
f841a9e8-673c-4594-a486-daea67ca4068,Saturno,1.11,0.53,7.9,9.0,Saturno,Tierra
61c197ce-ad82-4a5b-aeda-6f73753a058b,Tierra,1.76,0.68,7.61,9.8,Saturno,Tierra
f87f6d63-cde5-4608-ae2c-a5647c1b9e54,Saturno,1.27,0.47,11.5,9.0,Tierra,Saturno
b9624077-6344-4534-8c25-a3082ede8b46,Saturno,2.45,0.49,20.41,9.0,Tierra,Saturno
c03a042a-680f-46b6-bd8a-721a87310f41,Tierra,1.51,0.5,12.08,9.8,Tierra,Saturno
8098ab9f-4f2f-4b3b-89fc-3bbe1b0d7b63,Saturno,0.82,0.45,8.1,9.0,Saturno,Tierra
540d20ae-e209-4346-b643-1a90b72010c5,Saturno,1.58,0.55,10.45,9.0,Tierra,Saturno
90e5cccd-bbf7-4e51-a894-b190005f0a89,Tierra,1.54,0.64,7.52,9.8,Saturno,Tierra
c8c4f6be-8e7b-4e9d-b551-4485b2ba30e9,Saturno,2.09,0.51,16.07,9.0,Tierra,Saturno
a5511a14-6246-4178-b6a7-b19d6591dc5f,Saturno,1.35,0.66,6.2,9.0,Saturno,Tierra
8ac4e9d5-e1f0-416a-8cce-97f6ea2813f0,Saturno,2.4,0.55,15.87,9.0,Tierra,Saturno
425d3bf7-c931-4644-98ee-f19dfd66182b,Tierra,1.75,0.7,7.14,9.8,Saturno,Tierra
d160d842-9f28-4f8f-af6d-5b20a638403b,Tierra,0.81,0.57,4.99,9.8,Saturno,Tierra
d26913d1-4829-4de0-9997-320e81e8a5f2,Saturno,1.4,0.69,5.88,9.0,Saturno,Tierra
cb7664d9-c2a8-40ba-9b8f-456cbfa3ae2d,Tierra,1.44,0.45,14.22,9.8,Tierra,Saturno
24bc8ec3-3995-4eeb-a100-1c695c948c9a,Saturno,2.49,0.41,29.63,9.0,Tierra,Saturno
1091fb12-b6d0-4229-9dfc-62ad68ce26a6,Tierra,2.38,0.68,10.29,9.8,Tierra,Saturno
743af0c6-28f6-4ea1-8108-163a7b7e0c7a,Saturno,1.3,0.45,12.84,9.0,Tierra,Saturno
e21c46b3-ca8e-4a5b-8aff-9570a0f6b1f1,Tierra,2.48,0.48,21.53,9.8,Tierra,Saturno
efd08c2a-93a9-4b4f-a82c-3be5d039109d,Saturno,1.71,0.45,16.89,9.0,Tierra,Saturno
05b07881-2a88-4ceb-be96-ff0f406f46fd,Tierra,2.05,0.4,25.62,9.8,Tierra,Saturno
fe88c09a-92c3-4913-bbdf-7710644c89ea,Saturno,1.96,0.46,18.53,9.0,Tierra,Saturno
12d7c33d-f826-4099-bb77-0f2f004b81da,Saturno,1.64,0.66,7.53,9.0,Saturno,Tierra
67cdd6e0-defa-4bff-8a26-731995686764,Tierra,2.29,0.43,24.77,9.8,Tierra,Saturno
19853e0d-3943-4d05-b125-c4c383e4d12e,Saturno,1.18,0.51,9.07,9.0,Saturno,Tierra
2d419f8a-e0b8-4146-9485-582c31e965e0,Saturno,2.14,0.43,23.15,9.0,Tierra,Saturno
01ea31eb-45f6-4cb4-9630-73eae1a3e840,Saturno,1.98,0.65,9.37,9.0,Saturno,Tierra
4ac9dc02-84bd-42d4-a62e-8162243c3a4e,Tierra,1.93,0.6,10.72,9.8,Tierra,Saturno
07174586-5fc7-4162-8262-53c2314d050a,Saturno,1.09,0.45,10.77,9.0,Tierra,Saturno
aaab62b2-5192-473f-8367-b5b09862b3c0,Saturno,2.21,0.62,11.5,9.0,Tierra,Saturno
d44f86f5-2cc6-41d3-bd5c-6714a3dd08a0,Tierra,1.56,0.4,19.5,9.8,Tierra,Saturno
377a62f5-22b0-4179-95fb-01dd07ad13b0,Tierra,1.14,0.55,7.54,9.8,Saturno,Tierra
2ddf40bf-71cc-44e9-ae43-c77a7eef41a8,Saturno,1.01,0.58,6.0,9.0,Saturno,Tierra
edfeaad2-f4a3-4dd6-8612-931104faa17f,Saturno,1.09,0.45,10.77,9.0,Tierra,Saturno
7b804e17-0eac-4dc0-b02d-50262b7be241,Tierra,2.36,0.69,9.91,9.8,Tierra,Saturno
7e65d480-3a1d-495c-9ff4-fc0fa9ba2346,Saturno,2.45,0.62,12.75,9.0,Tierra,Saturno
c570053a-e62a-4278-abab-553646dd9cdc,Saturno,1.17,0.62,6.09,9.0,Saturno,Tierra
9acf8d7c-7e55-43f4-9179-2f843dd63275,Tierra,1.47,0.49,12.24,9.8,Tierra,Saturno
ad5a62c3-5628-4314-96ce-7a3d89185770,Saturno,0.91,0.67,4.05,9.0,Saturno,Tierra
12f5bab7-0b34-417c-b0f1-59c1253c5351,Saturno,2.23,0.51,17.15,9.0,Tierra,Saturno
459ae311-224b-4543-91b3-47ac05e86e6b,Saturno,1.93,0.58,11.47,9.0,Tierra,Saturno
23097884-80a5-4b47-ad4d-3024ab397ff9,Saturno,1.95,0.43,21.09,9.0,Tierra,Saturno
64ae2645-1bd0-45d7-8148-9f243870b13c,Saturno,2.02,0.56,12.88,9.0,Tierra,Saturno
6db2a603-a486-41f4-8716-769fbe450575,Saturno,1.58,0.43,17.09,9.0,Tierra,Saturno
c3508385-6178-43a1-b497-37cd74478fa0,Tierra,0.88,0.63,4.43,9.8,Saturno,Tierra
24f5a39e-441f-4d89-80ef-ff0fb9323869,Tierra,2.4,0.4,30.0,9.8,Tierra,Saturno
8ffc050e-dfa5-41ad-aab5-6c9864155e46,Saturno,2.5,0.45,24.69,9.0,Tierra,Saturno
437a952c-d3ce-465e-a41f-d0c5ee4ea2a9,Tierra,2.08,0.61,11.18,9.8,Tierra,Saturno
f0a92777-6161-464e-8773-5453a0a27dfc,Tierra,2.2,0.59,12.64,9.8,Tierra,Saturno
dccc1d13-ba32-4840-9b96-3fc97f3798ce,Tierra,1.24,0.69,5.21,9.8,Saturno,Tierra
8290c44f-1ecd-449e-83b6-932d90528b01,Tierra,2.28,0.45,22.52,9.8,Tierra,Saturno
3134070c-a9e4-4318-8405-0cf0c794daef,Saturno,2.38,0.54,16.32,9.0,Tierra,Saturno
ae872e3e-884e-4bed-add3-f1f4a7e05aad,Saturno,2.0,0.55,13.22,9.0,Tierra,Saturno
1d015176-0a1e-4e4b-9c07-499dda204d05,Saturno,2.41,0.66,11.07,9.0,Tierra,Saturno
32849294-19fd-4f61-980e-baa6a32f15c2,Tierra,1.67,0.41,19.87,9.8,Tierra,Saturno
6cd1cd09-df3c-4f0a-9f1d-e2ef13228f4a,Tierra,1.79,0.64,8.74,9.8,Saturno,Tierra
5ce74084-c738-4ce4-81c3-2c7a8c20d4ab,Saturno,1.13,0.55,7.47,9.0,Saturno,Tierra
87cadcd4-f196-49e4-b6cc-708737fc7eec,Saturno,1.8,0.59,10.34,9.0,Tierra,Saturno
a9ea90b6-8318-416b-a572-8b83c4d547f5,Tierra,2.07,0.62,10.77,9.8,Tierra,Saturno
727bbba3-881e-4196-b152-7f1c76b4f2af,Saturno,1.46,0.43,15.79,9.0,Tierra,Saturno
7c12e836-f0f2-4d19-ba8e-ccfad50de646,Tierra,1.4,0.5,11.2,9.8,Tierra,Saturno
c34d3e00-1051-4947-8ed9-b8ccf57a8a47,Saturno,0.9,0.68,3.89,9.0,Saturno,Tierra
0dabfa05-b7ce-4d43-9f80-ab018a781e45,Tierra,1.33,0.46,12.57,9.8,Tierra,Saturno
94eebf7c-0277-44c3-a21c-8ac0c0ca1454,Saturno,1.21,0.51,9.3,9.0,Saturno,Tierra
d625a3b0-76a0-49ff-a96b-3a5c0f95e864,Tierra,1.97,0.43,21.31,9.8,Tierra,Saturno
032316f1-74e8-4e39-8229-1ebb6f6801b5,Saturno,2.12,0.69,8.91,9.0,Saturno,Tierra
6030336c-4bdb-4a89-be3a-8b397386b634,Saturno,1.22,0.54,8.37,9.0,Saturno,Tierra
ad5b5cf2-19ce-4fe7-8640-aad9074ca138,Saturno,1.84,0.46,17.39,9.0,Tierra,Saturno
13c4cd1c-0afa-4657-b918-af3ac869c5ba,Tierra,2.29,0.49,19.08,9.8,Tierra,Saturno
979a89ca-53f4-4d82-8d0c-223e26a8fe5c,Saturno,0.83,0.46,7.84,9.0,Saturno,Tierra
0460512d-7e3c-480f-af71-37ba403143ad,Saturno,1.6,0.53,11.39,9.0,Tierra,Saturno
e5dd422f-b285-4384-967b-f507c74afdac,Saturno,1.09,0.64,5.32,9.0,Saturno,Tierra
df087658-8040-442e-a66c-7493e4bdb6f8,Tierra,0.8,0.57,4.92,9.8,Saturno,Tierra
cdc689b8-c5d9-45ce-a8d0-7d4252f2d47b,Saturno,2.16,0.56,13.78,9.0,Tierra,Saturno
edb9ed42-f938-4614-b2cc-6192e4ea850f,Saturno,1.27,0.64,6.2,9.0,Saturno,Tierra
f3bacc2e-c2f2-4660-b314-861b1429b928,Tierra,2.26,0.4,28.25,9.8,Tierra,Saturno
468e64d3-0ca7-46fc-858e-1071e0399e06,Tierra,1.24,0.52,9.17,9.8,Saturno,Tierra
d5a3dcfc-e93c-4949-9522-f8d39389dedd,Tierra,2.08,0.57,12.8,9.8,Tierra,Saturno
dfae38b3-e2d3-4731-8b33-2a7f7578c4f2,Saturno,0.81,0.51,6.23,9.0,Saturno,Tierra
3fe86846-1d07-4a8b-8ee1-acd45f5ceb9e,Tierra,0.85,0.67,3.79,9.8,Saturno,Tierra
efaf26a2-c017-4a35-b258-bda18e55773f,Tierra,2.0,0.56,12.76,9.8,Tierra,Saturno
f0dd31c2-f7f5-47d5-a022-b3d39739ceb7,Tierra,2.39,0.68,10.34,9.8,Tierra,Saturno
b1dfc441-ecb0-4679-bc86-1e2ef260c932,Tierra,1.3,0.69,5.46,9.8,Saturno,Tierra
d173a6dd-a609-4331-94ef-3dc8de42a825,Tierra,1.17,0.53,8.33,9.8,Saturno,Tierra
c9bdde0b-5152-4a43-a1ff-860166402ee1,Tierra,2.25,0.63,11.34,9.8,Tierra,Saturno
00dc7546-3764-4dd4-86c0-1a6d4858e7f6,Saturno,1.6,0.44,16.53,9.0,Tierra,Saturno
df37a488-97b2-4bc5-b3ba-40584a6dd1b6,Tierra,2.32,0.68,10.03,9.8,Tierra,Saturno
ac9c96b7-0e1c-4dbb-bc6a-0e249fde0d23,Tierra,2.37,0.67,10.56,9.8,Tierra,Saturno
238033f1-a64a-4bc5-9f1e-442393b516c0,Tierra,0.87,0.53,6.19,9.8,Saturno,Tierra
7830c34e-a423-49e4-a897-1c8746b1e0c5,Saturno,2.38,0.46,22.5,9.0,Tierra,Saturno
529178b7-8e1c-43b9-b7b2-2a4cd13c8146,Saturno,0.92,0.52,6.8,9.0,Saturno,Tierra
e78dfe08-394b-461b-8b59-ca180815b111,Tierra,2.39,0.44,24.69,9.8,Tierra,Saturno
90ca3670-9b13-4cbe-90ed-5e60d6e79a50,Saturno,2.33,0.61,12.52,9.0,Tierra,Saturno
888c94ae-84d2-41df-9ced-a2f4b2e2a58f,Tierra,0.94,0.69,3.95,9.8,Saturno,Tierra
22e4b14e-e9d4-4b1a-bde4-ce394395fbbd,Saturno,1.3,0.41,15.47,9.0,Tierra,Saturno
fc820077-a1aa-4a53-9899-aedd49f86239,Tierra,0.86,0.6,4.78,9.8,Saturno,Tierra
237b06a7-cfd9-4aaf-a530-4742f16ac5b0,Tierra,0.83,0.54,5.69,9.8,Saturno,Tierra
c5c7f61d-1a5c-442f-b840-e3816ad7d25c,Saturno,1.28,0.68,5.54,9.0,Saturno,Tierra
8e89bf4c-2442-4e08-baac-31010d8a8c93,Saturno,1.51,0.64,7.37,9.0,Saturno,Tierra
c0cca2d4-f1f9-4699-b9d1-567365ba25e9,Saturno,1.67,0.53,11.89,9.0,Tierra,Saturno
770c773f-0247-4a0c-8e94-4790fcffc65b,Saturno,0.88,0.68,3.81,9.0,Saturno,Tierra
e2bd0f9d-1833-4536-8cb1-5c34fbdf290b,Tierra,2.27,0.54,15.57,9.8,Tierra,Saturno
be803344-e3ce-45bd-ba56-6575a98cf228,Tierra,1.21,0.51,9.3,9.8,Saturno,Tierra
29d7d344-48ac-4ac0-9360-df8a08e01fbc,Tierra,1.75,0.42,19.84,9.8,Tierra,Saturno
a8c945a1-f607-427e-9c21-16c8ed165a73,Saturno,1.45,0.47,13.13,9.0,Tierra,Saturno
b2da1b2b-acd3-4728-8165-1e6dce0ab3bf,Tierra,1.06,0.51,8.15,9.8,Saturno,Tierra
207f7597-b82c-4c64-a967-05d8c2e50b94,Tierra,1.34,0.49,11.16,9.8,Tierra,Saturno
8ee2768b-7505-4cd9-96b6-78847338db24,Saturno,2.41,0.48,20.92,9.0,Tierra,Saturno
c852004b-f3b0-4831-856a-ffed0d76b234,Saturno,1.86,0.65,8.8,9.0,Saturno,Tierra
3e9d858f-b042-4c2a-88d0-d029572c201a,Saturno,2.17,0.46,20.51,9.0,Tierra,Saturno
ea6b2fda-5dc2-4835-8f1c-2324a8e27916,Saturno,1.66,0.41,19.75,9.0,Tierra,Saturno
8a7bd15b-1894-4f5a-8527-179811855abf,Tierra,2.24,0.41,26.65,9.8,Tierra,Saturno
d108922a-b4cd-4a98-b7b2-be0a8589cce9,Tierra,1.53,0.49,12.74,9.8,Tierra,Saturno
4c8dba73-730b-48e3-bdf8-f8f12364c9a0,Tierra,1.92,0.66,8.82,9.8,Saturno,Tierra
a5e17773-ef4a-4806-a988-5a9f02f37417,Saturno,1.29,0.56,8.23,9.0,Saturno,Tierra
5ac735d6-6620-4215-9608-b1991f0eaf49,Saturno,1.81,0.64,8.84,9.0,Saturno,Tierra
8f452c95-052a-4af3-9fc3-be150d50145f,Tierra,0.85,0.57,5.23,9.8,Saturno,Tierra
c243c0fe-25ad-471c-8356-52e3de8ebe81,Tierra,0.88,0.67,3.92,9.8,Saturno,Tierra
95a11bf4-7aa4-49d3-859f-1d578d273c87,Tierra,1.64,0.41,19.51,9.8,Tierra,Saturno
1e542218-1cac-4ea2-a020-b3e871dcf9ad,Tierra,2.37,0.6,13.17,9.8,Tierra,Saturno
846bf88a-a9c8-4899-94b5-822a4e5ec565,Tierra,1.01,0.56,6.44,9.8,Saturno,Tierra
14d2594f-4e05-44d3-bc74-e8b2ed3874a8,Saturno,2.01,0.62,10.46,9.0,Tierra,Saturno
9631b36a-c98e-4e06-ad39-74b2ed219581,Saturno,1.71,0.65,8.09,9.0,Saturno,Tierra
525b22e1-6592-4be4-a1c8-ed959e152def,Saturno,2.18,0.51,16.76,9.0,Tierra,Saturno
24d3a769-7d18-414d-a730-263219a1d7e8,Saturno,2.25,0.44,23.24,9.0,Tierra,Saturno
e0657bca-805b-42b8-a467-5041035b762f,Tierra,0.82,0.42,9.3,9.8,Saturno,Tierra
06faca9b-3bcb-418b-89d9-819a1bba6bef,Saturno,2.36,0.42,26.76,9.0,Tierra,Saturno
81614163-1dbb-4a62-83f0-766a2d686a1d,Saturno,2.05,0.41,24.39,9.0,Tierra,Saturno
5812e90a-bb76-46fc-81c1-d49c24256e42,Saturno,1.46,0.63,7.36,9.0,Saturno,Tierra
0ce2723d-6130-443f-b5ed-1940c23aac76,Saturno,1.05,0.53,7.48,9.0,Saturno,Tierra
779e3384-d5fd-4e50-ae31-268852d37b72,Tierra,1.25,0.61,6.72,9.8,Saturno,Tierra
647def5f-766a-4dfd-a158-36e245f5c828,Saturno,1.07,0.4,13.37,9.0,Tierra,Saturno
843b9a49-07b3-4ef0-9778-1ee310f7f3ba,Tierra,1.79,0.48,15.54,9.8,Tierra,Saturno
c9ee547e-ca1e-4305-b695-a83871d5fd30,Saturno,2.41,0.63,12.14,9.0,Tierra,Saturno
7f9e00a1-b5f8-48dc-9695-0e71483e1d58,Saturno,0.81,0.59,4.65,9.0,Saturno,Tierra
baa5c0f6-0e15-4730-997c-e0f21f1fd48a,Tierra,1.17,0.63,5.9,9.8,Saturno,Tierra
c2f48b07-6d98-4ab6-b1ee-20be00cdb10a,Saturno,2.32,0.48,20.14,9.0,Tierra,Saturno
6019ee0b-4fec-4237-a722-a9bdef1f26e7,Saturno,1.33,0.69,5.59,9.0,Saturno,Tierra
775dd226-2e7e-4c5d-86c9-0d93e72c8332,Saturno,1.26,0.5,10.08,9.0,Tierra,Saturno
4990a88c-2bc9-4ec1-83f4-582f6155b5dc,Saturno,1.12,0.46,10.59,9.0,Tierra,Saturno
2c0f0d64-3ef7-4b1c-8e0e-cdded73d62c4,Saturno,1.47,0.65,6.96,9.0,Saturno,Tierra
6382221f-ad3f-4d1e-89dd-2c6383384475,Saturno,2.22,0.53,15.81,9.0,Tierra,Saturno
f693cfb0-a53e-4298-b0a8-0db126265165,Tierra,2.0,0.6,11.11,9.8,Tierra,Saturno
2074bea0-938f-45e9-9ec0-6b1007d0e0b9,Tierra,2.4,0.41,28.55,9.8,Tierra,Saturno
11989cff-2b1c-423c-b9a1-2645929d2e99,Tierra,1.03,0.46,9.74,9.8,Tierra,Saturno
79c834bd-2b4c-454d-ba44-1f740fd05dab,Saturno,1.66,0.5,13.28,9.0,Tierra,Saturno
e98770fa-ed52-4a54-bbaa-e109a04d8124,Saturno,1.8,0.54,12.35,9.0,Tierra,Saturno
706703b0-1e3e-41d6-8a59-9ea6bcab1418,Saturno,0.9,0.53,6.41,9.0,Saturno,Tierra
fb8e456c-cb64-42c9-aa48-ccedebedff5b,Saturno,0.8,0.43,8.65,9.0,Saturno,Tierra
389a8767-17e2-4d19-a941-37d87c75382a,Saturno,2.25,0.6,12.5,9.0,Tierra,Saturno
d0737868-6e5a-46f4-9836-304276a505da,Saturno,1.72,0.49,14.33,9.0,Tierra,Saturno
1b2c766c-267d-4fff-839a-c49b6af76c30,Tierra,1.81,0.64,8.84,9.8,Saturno,Tierra
4c24c3c9-c830-4d39-963b-8c6fd0fdaec1,Saturno,2.46,0.6,13.67,9.0,Tierra,Saturno
4f41d294-8b9a-41db-8cdb-30731b109d6d,Saturno,2.04,0.67,9.09,9.0,Saturno,Tierra
fcc7befe-167c-472f-a900-4e96a98c8d96,Saturno,1.15,0.52,8.51,9.0,Saturno,Tierra
de26960a-643a-47d0-8703-a0ec62e4b730,Tierra,1.34,0.41,15.94,9.8,Tierra,Saturno
6156295a-53f8-41e5-9b01-ceca8d425272,Tierra,1.58,0.61,8.49,9.8,Saturno,Tierra
2d368898-9924-43a3-9ff5-b4745fdf8da9,Tierra,1.5,0.43,16.22,9.8,Tierra,Saturno
0ff052c6-0c80-45e5-83f5-cd3fbc7bcbf8,Tierra,2.43,0.5,19.44,9.8,Tierra,Saturno
6dc445ba-d665-42e3-a07f-7ae3a9eb7c93,Saturno,1.42,0.59,8.16,9.0,Saturno,Tierra
cab2854a-c743-4bf3-84ab-07924fa45f4e,Tierra,1.74,0.41,20.7,9.8,Tierra,Saturno
7b89e119-241c-4a41-991e-09c092fd41df,Tierra,0.96,0.51,7.38,9.8,Saturno,Tierra
7daa51c1-e6f5-4db6-a8e4-0ac796531569,Tierra,1.25,0.53,8.9,9.8,Saturno,Tierra
23b6f0e4-4295-411e-ad46-08689fb5d5bf,Saturno,1.11,0.62,5.78,9.0,Saturno,Tierra
344de76e-004e-43ee-b37d-ae4f112081c9,Saturno,1.28,0.69,5.38,9.0,Saturno,Tierra
3ee9a71f-126d-4a2d-a519-912fc809d2e6,Saturno,2.18,0.57,13.42,9.0,Tierra,Saturno
1902cf1e-55cc-43e9-a5e5-a048bda9531c,Tierra,1.02,0.55,6.74,9.8,Saturno,Tierra
d331c6c1-7b47-4621-be72-8add56aa0f1a,Saturno,1.98,0.55,13.09,9.0,Tierra,Saturno
266dc6d4-6cbd-4a67-9c33-1b11fc726839,Tierra,1.27,0.44,13.12,9.8,Tierra,Saturno
843471d6-8f6c-46d6-b893-e6fac53ee515,Saturno,1.22,0.45,12.05,9.0,Tierra,Saturno
2161a9a5-d430-4317-9473-9d35bcce20bb,Tierra,2.0,0.59,11.49,9.8,Tierra,Saturno
a1c69bf1-3131-4df8-9f66-d883a487b6c1,Saturno,1.76,0.61,9.46,9.0,Tierra,Saturno
0dd1c124-9367-40ec-9f6f-9ec8cf92d996,Tierra,1.41,0.66,6.47,9.8,Saturno,Tierra
5bf17771-93da-4d56-91e4-208e30438ac9,Saturno,2.08,0.69,8.74,9.0,Saturno,Tierra
395f8710-95cd-424e-8944-5c5a3a773bc5,Tierra,1.85,0.45,18.27,9.8,Tierra,Saturno
8e0a54ab-471c-4134-a6f4-5d1cb36facd5,Saturno,1.55,0.61,8.33,9.0,Saturno,Tierra
8eeb743d-0228-45f8-a677-1e396b3c0cb3,Saturno,1.28,0.68,5.54,9.0,Saturno,Tierra
068dfea1-3d8e-4026-876b-8d2033a14edc,Saturno,1.65,0.65,7.81,9.0,Saturno,Tierra
da5f6188-ad39-44f1-bab8-72b4483309da,Saturno,1.0,0.48,8.68,9.0,Saturno,Tierra
102df603-3f2e-4f2d-91c6-533d1519db3b,Saturno,1.33,0.69,5.59,9.0,Saturno,Tierra
c3a4e46d-2505-4f49-999e-780db0103d26,Saturno,1.6,0.69,6.72,9.0,Saturno,Tierra
e63aaf63-bf2f-4f7b-8bc9-a504bc71f724,Saturno,1.64,0.63,8.26,9.0,Saturno,Tierra
d223e520-b4ab-4738-913a-b844d92655a2,Tierra,1.69,0.47,15.3,9.8,Tierra,Saturno
b24f6871-ce07-46b5-9dc9-7d36b9db24e7,Saturno,2.21,0.41,26.29,9.0,Tierra,Saturno
458848c5-a1b5-4efe-8b03-6d0c7b82f812,Saturno,2.42,0.66,11.11,9.0,Tierra,Saturno
c68108b3-a346-429a-9cc4-4734b0c24a28,Saturno,1.37,0.57,8.43,9.0,Saturno,Tierra
25c60e13-4514-4033-930e-20081396f176,Tierra,1.96,0.58,11.65,9.8,Tierra,Saturno
06d38661-7e7e-4be0-972d-6207d2bb5672,Tierra,1.03,0.64,5.03,9.8,Saturno,Tierra
843ab6e9-33af-4a06-bf4d-9230f0242101,Tierra,2.19,0.46,20.7,9.8,Tierra,Saturno
bcb73fe7-6ad2-452c-9c80-f88aaaf4758a,Tierra,2.06,0.48,17.88,9.8,Tierra,Saturno
02fe9635-be53-4c2a-9622-e3ffdb803c2b,Saturno,2.41,0.49,20.07,9.0,Tierra,Saturno
bb9c9696-5d1d-4c84-84aa-c3a559bec98b,Saturno,1.68,0.44,17.36,9.0,Tierra,Saturno
60a4f790-32c3-4415-82d6-8d79660e35c0,Saturno,0.92,0.45,9.09,9.0,Saturno,Tierra
97ce4fc8-6c58-448b-b63f-77660db3238d,Saturno,1.27,0.65,6.01,9.0,Saturno,Tierra
9c7a6021-4703-4647-851a-9b0c6b3901b5,Saturno,1.6,0.63,8.06,9.0,Saturno,Tierra
34382606-254d-4927-92c0-feea571b0b10,Saturno,1.11,0.43,12.01,9.0,Tierra,Saturno
c8737705-8127-4b13-8d7a-8dc5331a48bd,Tierra,1.75,0.59,10.05,9.8,Tierra,Saturno
622a6ba1-69da-45b2-ad51-fe8b5260fff7,Tierra,1.01,0.54,6.93,9.8,Saturno,Tierra
c5a010bf-0c81-4aa1-96a7-6aa95a1e32a8,Tierra,1.93,0.42,21.88,9.8,Tierra,Saturno
44e0e024-24b1-4c4f-8975-e5e925f74fcb,Saturno,1.79,0.42,20.29,9.0,Tierra,Saturno
b402d025-f1e0-472d-974c-74e6b331ed18,Tierra,1.83,0.56,11.67,9.8,Tierra,Saturno
3a0d56f4-09a0-4760-94e0-12043361be6f,Tierra,1.98,0.6,11.0,9.8,Tierra,Saturno
e684908b-c78d-415d-9daf-7ad72a8c5855,Tierra,1.47,0.43,15.9,9.8,Tierra,Saturno
fec08e21-22e6-4c5b-ae93-07fb2f67505b,Tierra,1.19,0.5,9.52,9.8,Tierra,Saturno
cb11816c-a224-4fce-a1d9-7ca40c8e815d,Saturno,2.48,0.44,25.62,9.0,Tierra,Saturno
3174cce9-c9e2-44e7-ab63-85e7fc974985,Saturno,1.6,0.55,10.58,9.0,Tierra,Saturno
5282ec9f-7e8a-4c56-b2a5-c49e6595f844,Saturno,2.09,0.56,13.33,9.0,Tierra,Saturno
590a2c25-e0fb-41aa-a43d-d5d47a852f1f,Saturno,1.06,0.65,5.02,9.0,Saturno,Tierra
2d493863-3a82-4908-b532-0f1a926ec0ef,Tierra,1.45,0.59,8.33,9.8,Saturno,Tierra
e31d5daa-14f1-4367-86bc-09fcfd972cca,Saturno,1.4,0.59,8.04,9.0,Saturno,Tierra
95c7a7c5-943c-4611-ac3b-e13c6cc0ba2e,Tierra,2.26,0.41,26.89,9.8,Tierra,Saturno
8ca4bfb1-cd8a-44f3-856e-038092beeaed,Tierra,2.23,0.45,22.02,9.8,Tierra,Saturno
3df02317-f877-4c49-8363-3d5a392021e1,Saturno,1.39,0.66,6.38,9.0,Saturno,Tierra
aa953b9b-0940-444c-8883-4dbb0a70910c,Saturno,1.39,0.58,8.26,9.0,Saturno,Tierra
01cc06dd-87cf-4b09-b991-5218bc161d6a,Tierra,1.78,0.69,7.48,9.8,Saturno,Tierra
88d32956-0d78-4cba-a71b-028b8a5363bb,Tierra,1.64,0.5,13.12,9.8,Tierra,Saturno
4ea560c2-2939-439c-96ad-d303bd03d599,Saturno,0.95,0.63,4.79,9.0,Saturno,Tierra
91a74ba4-e77a-4d91-82a2-ddabd9a9a9ef,Tierra,1.7,0.49,14.16,9.8,Tierra,Saturno
d860d81f-4fbf-4963-a85f-a5093f43bb2e,Saturno,2.23,0.64,10.89,9.0,Tierra,Saturno
8afab025-d5b1-426d-9784-930c2a0487d5,Tierra,1.95,0.63,9.83,9.8,Tierra,Saturno
865045ab-f007-461d-890f-815ab9a5799a,Tierra,1.34,0.47,12.13,9.8,Tierra,Saturno
9dd252f3-48d7-4a5d-965a-ff2a51770d95,Tierra,0.84,0.49,7.0,9.8,Saturno,Tierra
84d0c0be-d364-4485-87f0-23fc8ec1dc42,Saturno,2.44,0.65,11.55,9.0,Tierra,Saturno
889eab47-b50e-46cf-890b-385b06684006,Tierra,1.63,0.52,12.06,9.8,Tierra,Saturno
b5fca968-a1c8-47c9-8b05-1d4c41dbb889,Tierra,1.3,0.64,6.35,9.8,Saturno,Tierra
8116158f-df9c-42f7-92bf-79d10e3fa725,Tierra,1.71,0.43,18.5,9.8,Tierra,Saturno
d5944152-4001-4581-b1f5-bff9f26843f7,Tierra,2.1,0.68,9.08,9.8,Saturno,Tierra
1009dc80-7091-4475-a541-f99976458cfd,Saturno,1.35,0.64,6.59,9.0,Saturno,Tierra
80ad6eb3-d1b1-46e8-8cdb-60548b4abb0c,Saturno,2.14,0.47,19.38,9.0,Tierra,Saturno
6516398f-ecb0-4458-a287-92c871cd1e12,Tierra,1.83,0.49,15.24,9.8,Tierra,Saturno
419e26e7-3e14-4c1e-9f9f-c3a312179beb,Saturno,2.13,0.54,14.61,9.0,Tierra,Saturno
085b511c-fa95-4acb-a719-389507992f02,Saturno,1.82,0.58,10.82,9.0,Tierra,Saturno
7e97d906-58d1-47a5-b6ca-baeb83ff2857,Tierra,2.48,0.58,14.74,9.8,Tierra,Saturno
058193cb-cbbd-44a2-89c7-970010a7c4c9,Tierra,2.26,0.56,14.41,9.8,Tierra,Saturno
9c28a7f1-3a43-4777-a54c-e094a583e84a,Tierra,1.44,0.48,12.5,9.8,Tierra,Saturno
025b5c3e-3a86-4760-9060-55c2a9e3d0d4,Tierra,2.15,0.46,20.32,9.8,Tierra,Saturno
4da28bb6-ce68-4f76-a534-95fabc9f7d30,Tierra,2.04,0.59,11.72,9.8,Tierra,Saturno
f809f46f-91e5-4b47-91e5-ef6507d6b3fb,Tierra,2.04,0.48,17.71,9.8,Tierra,Saturno
95884413-b422-427e-b878-35440dc43889,Tierra,1.25,0.67,5.57,9.8,Saturno,Tierra
fce75250-868d-4c42-924e-82517da30bdb,Saturno,1.85,0.43,20.01,9.0,Tierra,Saturno
e9a6de6b-3c3d-4196-93d6-7643bcd197cf,Saturno,1.66,0.64,8.11,9.0,Saturno,Tierra
f5ddd3b9-e0ea-4765-b20e-1b5642443ff3,Saturno,2.1,0.55,13.88,9.0,Tierra,Saturno
66591926-fc3c-4bb7-b01d-8118c2fe5b61,Saturno,1.33,0.53,9.47,9.0,Tierra,Saturno
29ef0db8-8d9e-4ecd-bd82-1941ee618f05,Tierra,2.17,0.63,10.93,9.8,Tierra,Saturno
dccb7f87-be0d-419e-a396-9071219cfa10,Saturno,1.15,0.53,8.19,9.0,Saturno,Tierra
d4c5858b-fdc7-43fe-8690-a3766261dbe3,Tierra,0.98,0.5,7.84,9.8,Saturno,Tierra
76a78be8-cab9-40ad-bb89-5ce5ed7e526c,Tierra,1.29,0.69,5.42,9.8,Saturno,Tierra
95477501-1960-4be7-9ae3-242b195ac88f,Saturno,1.57,0.43,16.98,9.0,Tierra,Saturno
741fcd56-95ae-41f2-b0d5-0302170db3e8,Tierra,1.21,0.5,9.68,9.8,Tierra,Saturno
61d04c70-78e3-4b87-97e5-98a0ba76fd3f,Saturno,1.98,0.44,20.45,9.0,Tierra,Saturno
8b843079-e0f3-433c-accb-35d87f6ab0da,Tierra,2.2,0.5,17.6,9.8,Tierra,Saturno
23fbc714-03e4-4dad-a4fd-3eade987bddf,Tierra,1.83,0.6,10.17,9.8,Tierra,Saturno
59e3ae37-418c-455e-8620-2c596e9c2233,Tierra,1.33,0.52,9.84,9.8,Tierra,Saturno
91bc01f1-bebe-4549-942d-3b0d2a449682,Saturno,2.25,0.46,21.27,9.0,Tierra,Saturno
4fbffd0a-bf35-4b11-aaf8-37bf4f7d9155,Tierra,2.0,0.69,8.4,9.8,Saturno,Tierra
393bed4a-d410-4129-b336-41ff779b2a6c,Saturno,1.7,0.46,16.07,9.0,Tierra,Saturno
a6631eb2-7c41-4672-be2d-5ae64fa5364e,Tierra,1.86,0.41,22.13,9.8,Tierra,Saturno
7acdf0e1-a810-4038-8a2d-6cc371955b95,Saturno,1.47,0.53,10.47,9.0,Tierra,Saturno
f750d5a9-b87e-411a-9194-3e4a23f6bf78,Saturno,1.35,0.66,6.2,9.0,Saturno,Tierra
60393e97-ee56-472e-8e2e-32c95761694d,Tierra,1.52,0.66,6.98,9.8,Saturno,Tierra
12a93ec3-53da-466e-84a5-22bd6c2c1afd,Saturno,1.43,0.46,13.52,9.0,Tierra,Saturno
5e6940a5-0746-49be-b2f2-08f51d64e991,Saturno,1.71,0.53,12.18,9.0,Tierra,Saturno
8fde0cea-e27e-43a6-bf0a-c4e371724ce3,Tierra,2.09,0.58,12.43,9.8,Tierra,Saturno
c886236b-f337-42ab-8e83-b9d1c07cbefc,Tierra,1.58,0.69,6.64,9.8,Saturno,Tierra
8edc896b-28f6-4cb5-8c26-65b359578015,Saturno,1.4,0.64,6.84,9.0,Saturno,Tierra
32a0aa59-09b2-4900-9dc8-090e38776005,Tierra,2.26,0.68,9.78,9.8,Tierra,Saturno
696d21aa-d437-4f89-a50c-fcb37e523776,Saturno,1.63,0.57,10.03,9.0,Tierra,Saturno
c4b79c23-def4-48e2-af39-f9af590c7b59,Saturno,1.65,0.53,11.75,9.0,Tierra,Saturno
c4b60278-6108-4fee-930b-550fb2f1f35d,Saturno,2.07,0.51,15.92,9.0,Tierra,Saturno
6c6eef57-c50f-48c9-a3cd-b5be5a51f458,Saturno,2.01,0.48,17.45,9.0,Tierra,Saturno
a84b6cb8-c0b8-4b9c-9670-076abf724d79,Tierra,1.64,0.57,10.1,9.8,Tierra,Saturno
3fab2580-db76-4800-a257-cfa8657ec6a7,Tierra,1.4,0.44,14.46,9.8,Tierra,Saturno
0c39208f-3772-401c-8fd4-60c44171aea3,Tierra,1.8,0.43,19.47,9.8,Tierra,Saturno
24c968d0-54ea-42af-a3a0-f3c180442f6b,Tierra,1.02,0.67,4.54,9.8,Saturno,Tierra
f7e18f6b-8348-4551-ba6c-55e91074b64f,Saturno,1.55,0.68,6.7,9.0,Saturno,Tierra
d4e7ef94-85fc-49b7-9464-be5801558abb,Tierra,1.85,0.59,10.63,9.8,Tierra,Saturno
e6523014-c5de-4e6d-b6aa-2657e830d3eb,Saturno,0.84,0.41,9.99,9.0,Tierra,Saturno
0d7208f9-7860-4d93-a459-0423d7fb59b9,Saturno,2.16,0.47,19.56,9.0,Tierra,Saturno
b4169a0b-b40c-4f3e-beb3-f0b64ae932f8,Saturno,1.46,0.42,16.55,9.0,Tierra,Saturno
962f399e-bd28-483b-97b2-81b995d2e90e,Tierra,2.26,0.41,26.89,9.8,Tierra,Saturno
6b5dc05d-b6df-43f0-81d8-2c3f04e4695f,Saturno,1.07,0.61,5.75,9.0,Saturno,Tierra
fc60cd72-402d-447c-aa34-05e1d2a0db89,Saturno,1.8,0.66,8.26,9.0,Saturno,Tierra
029d3ea9-dd57-4b04-9048-37b73b42fb58,Saturno,0.87,0.55,5.75,9.0,Saturno,Tierra
2e808ce0-bc60-4772-8ad0-65fae0689555,Saturno,1.99,0.5,15.92,9.0,Tierra,Saturno
72c9f710-386c-4dd7-8f07-da891ea83c15,Saturno,1.14,0.42,12.93,9.0,Tierra,Saturno
d7d824bd-e85d-4d4d-a657-49e86c79e6a1,Tierra,0.95,0.44,9.81,9.8,Tierra,Saturno
665dca5a-9a03-49bb-89a2-c40262039022,Saturno,1.24,0.54,8.5,9.0,Saturno,Tierra
0aac4305-4c0f-4bea-9bf0-9494b09b1f71,Saturno,0.91,0.63,4.59,9.0,Saturno,Tierra
1a3c8fc5-2bbd-4586-af74-5074402dbccf,Tierra,1.0,0.44,10.33,9.8,Tierra,Saturno
dc6f8590-d5e1-4199-b491-d9bd1f851736,Tierra,1.31,0.65,6.2,9.8,Saturno,Tierra
a832a689-ec1a-42c7-a329-8cd6daba6b35,Tierra,2.36,0.66,10.84,9.8,Tierra,Saturno
d1b17a1c-5215-4691-a44c-8feea97c64c7,Tierra,1.32,0.62,6.87,9.8,Saturno,Tierra
9305650f-36e0-4504-86e9-89da463c7777,Tierra,1.84,0.56,11.73,9.8,Tierra,Saturno
1fd9218d-de18-4057-9bb7-7be766872525,Saturno,0.95,0.54,6.52,9.0,Saturno,Tierra
906c8967-b9b9-4fbb-af0a-3f9d3504bd44,Saturno,1.23,0.46,11.63,9.0,Tierra,Saturno
d8ea3c85-a55a-4d53-b39a-ed49db7be024,Tierra,1.08,0.44,11.16,9.8,Tierra,Saturno
b231aaea-d9a6-44ba-aee1-f100aae6d615,Saturno,1.39,0.48,12.07,9.0,Tierra,Saturno
dcf40d29-f417-4cf1-89b9-1ed6cf37f371,Saturno,1.99,0.67,8.87,9.0,Saturno,Tierra
a4374335-5629-474e-a615-abb8973e4617,Saturno,1.99,0.45,19.65,9.0,Tierra,Saturno
5efffef4-86f9-4259-973b-b1739ec071b6,Tierra,1.59,0.68,6.88,9.8,Saturno,Tierra
10a439f8-8db2-49ea-bfc9-87aca74182a7,Tierra,1.32,0.59,7.58,9.8,Saturno,Tierra
32afa3c2-2244-4483-bc63-36032d02372f,Saturno,1.93,0.47,17.47,9.0,Tierra,Saturno
a47a447d-9d67-4327-9141-ad16ee084b28,Saturno,1.79,0.7,7.31,9.0,Saturno,Tierra
19ac4262-2f3e-4a1a-a395-28c3018b987d,Tierra,1.94,0.45,19.16,9.8,Tierra,Saturno
146a4d6a-fbe4-47e7-9749-f12c48aa5e46,Tierra,1.84,0.6,10.22,9.8,Tierra,Saturno
0f726087-c7e8-454b-85e5-79d0f8d02a8e,Saturno,2.42,0.45,23.9,9.0,Tierra,Saturno
ee3ffbc0-c076-4f23-a814-f98b27b06b1b,Saturno,1.59,0.43,17.2,9.0,Tierra,Saturno
f2399e86-896b-4151-927a-79e7443c95d2,Saturno,1.61,0.5,12.88,9.0,Tierra,Saturno
2981e329-b476-4fde-9efb-70308ef555d6,Tierra,1.46,0.63,7.36,9.8,Saturno,Tierra
4d8781c8-a8e5-469d-9b4b-f27830d4d906,Saturno,2.3,0.45,22.72,9.0,Tierra,Saturno
530d81cd-7d81-4e90-b094-539bf85fd2b3,Saturno,1.77,0.48,15.36,9.0,Tierra,Saturno
277d9b0d-1d6c-49bf-99ff-e04c60d884a1,Saturno,1.75,0.61,9.41,9.0,Tierra,Saturno
fbadc3e3-7349-4691-84b0-f34cd85b7ae8,Saturno,0.93,0.5,7.44,9.0,Saturno,Tierra
bb61a2db-8b7d-415f-b63c-43d1a54800f2,Saturno,1.63,0.54,11.18,9.0,Tierra,Saturno
d624e471-20fe-4739-b079-0c00c1021d20,Tierra,1.47,0.64,7.18,9.8,Saturno,Tierra
0857845a-1ec8-406a-87a7-0c98110eba12,Tierra,1.28,0.65,6.06,9.8,Saturno,Tierra
fedd01b8-cb26-436a-b482-e903e1506303,Saturno,1.81,0.64,8.84,9.0,Saturno,Tierra
6b7fa460-b1ac-4076-a4b5-6396c85eb2c9,Saturno,2.1,0.64,10.25,9.0,Tierra,Saturno
ebdc87e1-9ed1-4a57-bc54-f5bfa2fd0109,Tierra,0.88,0.5,7.04,9.8,Saturno,Tierra
7ce4935a-c1a7-4330-af48-2cf67b358030,Tierra,1.85,0.49,15.41,9.8,Tierra,Saturno
07cd8b88-ab18-46bb-bb1a-59573c216831,Saturno,0.89,0.61,4.78,9.0,Saturno,Tierra
8d6b3bb0-98ab-41e4-9128-6d50589084ea,Tierra,2.5,0.68,10.81,9.8,Tierra,Saturno
04b90894-fe49-4d05-a908-7ee38d934089,Saturno,2.13,0.41,25.34,9.0,Tierra,Saturno
87bc0e27-a54b-4fac-8d8d-7cd6ca8df5b3,Saturno,1.7,0.44,17.56,9.0,Tierra,Saturno
ca9a93ea-8275-4ebd-828a-5f5987bf60c0,Tierra,1.62,0.49,13.49,9.8,Tierra,Saturno
d9136605-8ed8-4c4e-84bf-b545cd8d9341,Tierra,0.89,0.41,10.59,9.8,Tierra,Saturno
95abf03f-634c-4468-84cc-923de9d98e26,Tierra,1.19,0.68,5.15,9.8,Saturno,Tierra
a9de497f-5738-4aa4-9ca2-1c09783d07d4,Tierra,1.24,0.67,5.52,9.8,Saturno,Tierra
ac43978a-cde0-4973-9348-4555e989805f,Saturno,1.66,0.67,7.4,9.0,Saturno,Tierra
d76c2144-e66f-4ed5-a5ba-4d37b4d484f6,Tierra,1.14,0.61,6.13,9.8,Saturno,Tierra
21bdaef3-f80a-4fca-ae11-aacf78d73790,Tierra,2.45,0.57,15.08,9.8,Tierra,Saturno
f8cea2e3-f1fb-4870-b9aa-cf5064b98d05,Saturno,2.22,0.43,24.01,9.0,Tierra,Saturno
e1fd7d82-59fc-4398-ac84-45d0aae6432a,Saturno,1.85,0.61,9.94,9.0,Tierra,Saturno
8a15b6a9-63f9-4b36-bf8a-ae1a0156041c,Tierra,2.09,0.52,15.46,9.8,Tierra,Saturno
584ae42e-0298-454c-b034-e8d05dccd582,Saturno,1.12,0.6,6.22,9.0,Saturno,Tierra
ad92a70f-a030-4606-98cd-f8b4ee565b60,Tierra,1.68,0.46,15.88,9.8,Tierra,Saturno
18e28e42-8a6b-4084-b7b2-f99950305aa5,Tierra,1.08,0.45,10.67,9.8,Tierra,Saturno
58cb9026-47c1-494c-9673-facaee61a9aa,Saturno,2.49,0.66,11.43,9.0,Tierra,Saturno
a6095d02-4a6e-456c-b111-9cf318d4a295,Tierra,2.11,0.63,10.63,9.8,Tierra,Saturno
e7f20e03-c252-446b-8de1-68b35bbfb968,Tierra,2.46,0.67,10.96,9.8,Tierra,Saturno
f7cae408-55a0-4272-b3de-33144dfaaad6,Tierra,1.62,0.46,15.31,9.8,Tierra,Saturno
cc6ef0ad-b8d7-4dde-8eaa-a0ca0c64fb13,Saturno,1.3,0.56,8.29,9.0,Saturno,Tierra
3464d49c-0064-4f2a-b5a2-3f099f386d16,Tierra,1.26,0.7,5.14,9.8,Saturno,Tierra
d1149cdf-f126-4c67-b3c1-4c349a82c765,Saturno,1.59,0.46,15.03,9.0,Tierra,Saturno
098f39b5-f278-4f03-9341-fe0fa21c1cde,Saturno,1.04,0.4,13.0,9.0,Tierra,Saturno
14b0d517-2408-4de4-9aed-6f57c17e6ca3,Tierra,2.36,0.63,11.89,9.8,Tierra,Saturno
58e65d50-19c8-4f3c-b925-1ef77bfa79d5,Tierra,1.54,0.69,6.47,9.8,Saturno,Tierra
1ca96f53-75ca-418f-9279-2d372aa5fe32,Saturno,0.82,0.44,8.47,9.0,Saturno,Tierra
d64ddb5b-f26a-4c3f-82d7-f7b3142b4958,Saturno,2.28,0.45,22.52,9.0,Tierra,Saturno
bb45e328-69bb-4734-aae3-e88a0adbd2ab,Saturno,2.39,0.7,9.76,9.0,Tierra,Saturno
41761ab3-f229-44ae-8f58-2e04cd4ffeb5,Tierra,2.35,0.55,15.54,9.8,Tierra,Saturno
e7ad24a5-1eed-4a0a-8c85-1287c81477f7,Tierra,2.43,0.69,10.21,9.8,Tierra,Saturno
1f22225a-df57-4ba6-bc98-3f47bde9bd58,Tierra,2.31,0.65,10.93,9.8,Tierra,Saturno
10762a3f-427b-42e4-b44f-cc6b738bac3c,Saturno,1.45,0.58,8.62,9.0,Saturno,Tierra
1020e90b-0c49-4c2d-b5ca-7d4f80ef3e4a,Saturno,2.08,0.67,9.27,9.0,Saturno,Tierra
57c20355-91ed-4684-828e-455f5baa3a0d,Tierra,1.47,0.53,10.47,9.8,Tierra,Saturno
4a23b82d-fd5d-41ce-b9a9-502e9390ed83,Saturno,1.07,0.6,5.94,9.0,Saturno,Tierra
cbb6cf30-15ed-4951-b872-e61e122b3703,Saturno,0.93,0.47,8.42,9.0,Saturno,Tierra
31c664d3-5418-4333-b750-7150531bce03,Tierra,2.15,0.44,22.21,9.8,Tierra,Saturno
4929d6ea-8d81-47c2-9df4-c1f2e6d71b1c,Tierra,1.26,0.42,14.29,9.8,Tierra,Saturno
c5de3b02-7ba3-4e7c-b5da-9b89251d8788,Tierra,1.67,0.55,11.04,9.8,Tierra,Saturno
4ba54bca-dddd-425d-ba7f-24478c90a8cc,Saturno,2.28,0.59,13.1,9.0,Tierra,Saturno
9a186467-fcd4-4db1-a4bf-142daad0a3c6,Saturno,1.64,0.59,9.42,9.0,Tierra,Saturno
b02912a4-c561-45e4-a523-daf5a5c3cd1a,Tierra,0.94,0.54,6.45,9.8,Saturno,Tierra
80d79649-9c89-40f2-932d-e15d282e6bd9,Tierra,1.88,0.48,16.32,9.8,Tierra,Saturno
474604a4-1291-4352-bb4a-c3fcbbf3719b,Saturno,1.58,0.45,15.6,9.0,Tierra,Saturno
916d6a17-46f9-4f4d-8a96-da0e6c3fc375,Tierra,1.78,0.54,12.21,9.8,Tierra,Saturno
78fd0875-c041-4f52-bbf0-188448508d4e,Tierra,1.39,0.42,15.76,9.8,Tierra,Saturno
3d776e6b-1148-4d3c-826d-d71c272bdcf1,Saturno,1.26,0.52,9.32,9.0,Saturno,Tierra
0505dd5f-c8a2-4a3f-9a7b-7f9a5c90f300,Tierra,0.94,0.42,10.66,9.8,Tierra,Saturno
67e2fdcf-fff6-4929-b7fb-5acac27c18b6,Saturno,1.27,0.4,15.87,9.0,Tierra,Saturno
358e8f57-6987-46a8-a9d6-bec8016fd4a3,Saturno,1.31,0.56,8.35,9.0,Saturno,Tierra
4618111a-25da-4b05-af32-1c7dde6e34f7,Saturno,2.46,0.46,23.25,9.0,Tierra,Saturno
90224329-e922-47a8-ab42-c894ca31c8ee,Saturno,1.68,0.6,9.33,9.0,Saturno,Tierra
a34fc786-f0b3-4119-9bd0-c6af6b75ca69,Tierra,1.67,0.6,9.28,9.8,Saturno,Tierra
cc9b5ae2-17fa-402c-b6be-d6c5899792f9,Tierra,1.65,0.57,10.16,9.8,Tierra,Saturno
05b74ff9-b689-4e1e-908c-523d75ec5ada,Tierra,1.53,0.52,11.32,9.8,Tierra,Saturno
d221f076-4d4a-4763-96d9-ddff522fd60d,Saturno,1.36,0.49,11.33,9.0,Tierra,Saturno
ff8219c3-f64b-453d-9b8b-b94b7047a142,Saturno,1.98,0.68,8.56,9.0,Saturno,Tierra
acaf2584-16cb-45f1-957d-0b0e2f1bf62b,Saturno,2.25,0.62,11.71,9.0,Tierra,Saturno
e6e7570a-cc37-4b0e-87f1-1c1f45bb6514,Saturno,1.41,0.5,11.28,9.0,Tierra,Saturno
ec250894-0276-4efd-9caf-af836a955b28,Saturno,0.93,0.58,5.53,9.0,Saturno,Tierra
1445f5be-5203-4653-88e0-f740115420fd,Tierra,1.49,0.69,6.26,9.8,Saturno,Tierra
6dd0ee89-9ced-4eaf-840a-3dd159e3801b,Tierra,2.23,0.56,14.22,9.8,Tierra,Saturno
cc7f3052-28ae-4a6f-9d46-0d30c888357b,Tierra,1.83,0.48,15.89,9.8,Tierra,Saturno
2eabe117-b4af-441d-a808-dffaadb9b79d,Tierra,1.67,0.55,11.04,9.8,Tierra,Saturno
ea28bd5d-508c-4eb5-8f29-1189f1c4ab0a,Saturno,1.02,0.65,4.83,9.0,Saturno,Tierra
9a6bcbac-7ad7-4465-8901-803f2d56833e,Saturno,2.35,0.43,25.42,9.0,Tierra,Saturno
d7aa5140-4055-4754-8320-2d079d73d98a,Saturno,1.09,0.48,9.46,9.0,Tierra,Saturno
a06f8447-f67d-49f7-9c9c-f5efbddbff7f,Tierra,1.94,0.6,10.78,9.8,Tierra,Saturno
af29e824-db45-4e40-8f2b-a5319f77a306,Saturno,2.08,0.65,9.85,9.0,Tierra,Saturno
59432f27-355a-4c77-99ee-6278cd60abe8,Saturno,1.44,0.44,14.88,9.0,Tierra,Saturno
73addf8c-979c-4063-b5a0-995d268f41f6,Saturno,1.54,0.59,8.85,9.0,Saturno,Tierra
312a2acd-bccd-4b3f-b7de-65f6fa7f6264,Saturno,1.97,0.51,15.15,9.0,Tierra,Saturno
74e93f03-9a94-4900-9698-32687009aa79,Tierra,1.44,0.54,9.88,9.8,Tierra,Saturno
47917ede-056f-4e66-9fa5-ebe7fbeecdad,Tierra,1.74,0.57,10.71,9.8,Tierra,Saturno
1a92f03d-ced1-46ca-aded-e1c117e74ae9,Saturno,1.33,0.68,5.75,9.0,Saturno,Tierra
266b64b6-64f0-4368-a195-90595d7c6616,Tierra,2.07,0.54,14.2,9.8,Tierra,Saturno
df92777b-7976-41b3-b872-fee295d31d5b,Tierra,2.04,0.59,11.72,9.8,Tierra,Saturno
e5be4918-f1ec-4396-b951-f732f364e0a1,Saturno,2.44,0.52,18.05,9.0,Tierra,Saturno
7e48b6b6-a8c6-4bb1-b50f-47237e9d0629,Saturno,1.65,0.58,9.81,9.0,Tierra,Saturno
a390f908-29b9-4565-9368-e8c016ca47cd,Saturno,2.47,0.61,13.28,9.0,Tierra,Saturno
2fc11ff7-5ac4-48a3-b9bb-de008ff70f9b,Saturno,1.0,0.5,8.0,9.0,Saturno,Tierra
95c4f776-6546-4b59-b917-8c14cc2f7375,Tierra,1.86,0.69,7.81,9.8,Saturno,Tierra
38d84335-479d-40bf-b1a9-ce9b8cd3358f,Saturno,1.17,0.69,4.91,9.0,Saturno,Tierra
8acce52e-5e2b-4709-9b49-d4214a8caa00,Tierra,0.83,0.6,4.61,9.8,Saturno,Tierra
b7c69b01-d42c-40f7-b058-54ccc8ebb2b4,Saturno,1.07,0.61,5.75,9.0,Saturno,Tierra
c16d0c63-52de-4465-81d4-3bfb365aef0d,Saturno,1.64,0.52,12.13,9.0,Tierra,Saturno
462a3c28-6730-4c2c-b6b9-8a882424a74e,Tierra,1.54,0.66,7.07,9.8,Saturno,Tierra
d6656482-d51e-42d3-90fb-e4be045a5abd,Tierra,0.99,0.52,7.32,9.8,Saturno,Tierra
f8450e6c-89ad-4732-bd6b-2f074cb651dc,Saturno,1.21,0.42,13.72,9.0,Tierra,Saturno
c311c730-720c-4102-93e7-f5d96a10c5e9,Tierra,2.4,0.63,12.09,9.8,Tierra,Saturno
bce1ecee-03a4-4010-8ab7-046337064682,Saturno,1.27,0.58,7.55,9.0,Saturno,Tierra
d6cec9f1-7333-45c0-9fc5-143f373a19e7,Saturno,1.42,0.68,6.14,9.0,Saturno,Tierra
e19459aa-0eae-4241-99c6-29d0f9ebf2af,Saturno,2.07,0.57,12.74,9.0,Tierra,Saturno
952bafd1-d8f6-4993-b8e5-3a91b38f2046,Saturno,0.81,0.62,4.21,9.0,Saturno,Tierra
44320dee-c26f-414f-b1c0-8d9e560ce28f,Tierra,1.91,0.65,9.04,9.8,Saturno,Tierra
1d4b7c6c-4faf-4fc1-934c-c4f9f13b88d5,Saturno,1.37,0.61,7.36,9.0,Saturno,Tierra
42a4c66a-cb42-4c74-b1db-d5c9be58209e,Tierra,1.53,0.52,11.32,9.8,Tierra,Saturno
2c5fe114-149b-4fe2-bf33-3eb2ec48f768,Saturno,1.79,0.55,11.83,9.0,Tierra,Saturno
3f8bdd3c-4cc7-48b8-93aa-fb12b34b2dfb,Tierra,1.41,0.52,10.43,9.8,Tierra,Saturno
3db7a9b2-8983-4b24-8444-cf3ec3ceef5b,Saturno,1.1,0.68,4.76,9.0,Saturno,Tierra
47706ee2-57de-413a-b021-6fbc1057128a,Tierra,2.35,0.47,21.28,9.8,Tierra,Saturno
283222e6-e042-4412-b67b-bc4b17b5d17f,Saturno,1.63,0.57,10.03,9.0,Tierra,Saturno
5f02029d-c1a4-4f80-a953-3289f1ccdbad,Saturno,0.96,0.5,7.68,9.0,Saturno,Tierra
270f00bc-756e-4202-9a25-83a2d027a921,Saturno,1.47,0.69,6.18,9.0,Saturno,Tierra
37dae36a-44c0-46fb-8b90-53aab73e4030,Tierra,2.04,0.63,10.28,9.8,Tierra,Saturno
67980fa1-8662-4d53-85da-f58c247dd8f5,Tierra,1.31,0.55,8.66,9.8,Saturno,Tierra
630a4093-49ba-41da-b72b-caaa4330c9a9,Tierra,0.94,0.65,4.45,9.8,Saturno,Tierra
6df079fe-6014-40e8-8585-30d182c822d7,Saturno,1.82,0.54,12.48,9.0,Tierra,Saturno
5a1bef8c-9d09-48a3-a641-fb3834229675,Saturno,1.3,0.66,5.97,9.0,Saturno,Tierra
a04b60f4-d8a7-4d6a-9ff0-ebe495471da3,Saturno,1.3,0.45,12.84,9.0,Tierra,Saturno
e7452cda-2097-4068-90eb-12e5a1db5eeb,Saturno,2.2,0.45,21.73,9.0,Tierra,Saturno
5f8c808d-60a5-4a2f-9d66-50a983284847,Tierra,1.0,0.51,7.69,9.8,Saturno,Tierra
7250db7a-26cb-474b-b9d6-fb5343e9b6f7,Saturno,2.22,0.53,15.81,9.0,Tierra,Saturno
af3afb90-f20a-41eb-ac44-a90fca702716,Tierra,1.33,0.42,15.08,9.8,Tierra,Saturno
17c96e58-f6d4-4b96-a3c8-c31bb91cf33b,Saturno,2.12,0.4,26.5,9.0,Tierra,Saturno
ccbc6866-2338-4281-91c3-76c16d7f9543,Tierra,0.99,0.55,6.55,9.8,Saturno,Tierra
a984fce7-debf-4ffc-94ec-3c7aea352ffe,Tierra,1.52,0.47,13.76,9.8,Tierra,Saturno
d0472724-6b25-49c6-9e51-c9f230465607,Saturno,1.39,0.64,6.79,9.0,Saturno,Tierra
82eb94fc-5769-483f-a0e2-794aaca46617,Tierra,1.89,0.41,22.49,9.8,Tierra,Saturno
cb6a42f8-1acb-4d9a-9853-fc3486e0a6a7,Tierra,1.32,0.42,14.97,9.8,Tierra,Saturno
35c3a329-9f0b-4090-9d78-b5355921b005,Saturno,1.78,0.58,10.58,9.0,Tierra,Saturno
1b5369dd-3180-47a9-91b6-b786696e8c65,Tierra,0.82,0.55,5.42,9.8,Saturno,Tierra
cfdc508a-8688-4df8-9c2b-1a2eeb89cd09,Tierra,2.5,0.67,11.14,9.8,Tierra,Saturno
cce75c74-8bca-4a94-8c2a-4332b67cf65c,Saturno,1.22,0.63,6.15,9.0,Saturno,Tierra
a4787bc0-df6a-49cd-834d-3d52882507cf,Saturno,2.06,0.44,21.28,9.0,Tierra,Saturno
12cd4636-e078-4581-a15a-54cd259714e9,Saturno,1.87,0.47,16.93,9.0,Tierra,Saturno
4b7fe5c8-823f-4dd6-9aaa-339c29b88a5d,Tierra,2.22,0.48,19.27,9.8,Tierra,Saturno
d15bc4a6-2f15-475f-8294-ca899336b3b4,Saturno,2.44,0.44,25.21,9.0,Tierra,Saturno
84784098-0e33-4eb5-8624-b82f5919a4e1,Saturno,0.97,0.7,3.96,9.0,Saturno,Tierra
0989732b-5e7b-4d38-9aa8-3a4dee8c257a,Tierra,2.06,0.43,22.28,9.8,Tierra,Saturno
0e66549e-90e8-41b3-b650-4700c244e08a,Saturno,1.9,0.59,10.92,9.0,Tierra,Saturno
ccd0d2d8-a8ef-44a8-b9f8-7bb3350f75a5,Tierra,1.31,0.46,12.38,9.8,Tierra,Saturno
e27dff7a-5371-45a5-a942-8d2fa63d90a4,Saturno,1.03,0.62,5.36,9.0,Saturno,Tierra
6f24ba83-6d90-4ad7-acd4-09a1e66a3e7a,Tierra,2.23,0.41,26.53,9.8,Tierra,Saturno
e8cf044a-e75d-4641-a0ee-8b1550d234fd,Saturno,0.92,0.6,5.11,9.0,Saturno,Tierra
103183ef-86ad-477b-bfba-1ce7657f6e3b,Tierra,1.44,0.52,10.65,9.8,Tierra,Saturno
cdc5f6d8-2ef8-416a-9160-e1a5a6a35091,Tierra,1.85,0.44,19.11,9.8,Tierra,Saturno
ce76999c-0f80-40ea-a2e6-bb016f304231,Saturno,1.52,0.48,13.19,9.0,Tierra,Saturno
77cf2d95-5067-4e26-b1cb-1775e3f67d53,Tierra,2.21,0.4,27.62,9.8,Tierra,Saturno
1d299352-18a5-4e47-80ea-fa3344696fff,Tierra,0.89,0.59,5.11,9.8,Saturno,Tierra
f6f8ea1e-99a5-455a-97e7-0f65d3950b18,Saturno,1.25,0.51,9.61,9.0,Tierra,Saturno
35686c34-05f2-4688-ab41-de69817cc730,Saturno,2.47,0.55,16.33,9.0,Tierra,Saturno
9b2a8ed4-e18f-40bf-ab8a-aed87348ed1b,Saturno,0.92,0.67,4.1,9.0,Saturno,Tierra
1a69572a-f061-40ae-99d6-118e20dc6dc4,Tierra,1.88,0.63,9.47,9.8,Tierra,Saturno
3f9d069d-1b8a-4cfe-b165-827c0dd6a9aa,Saturno,1.0,0.51,7.69,9.0,Saturno,Tierra
2245994a-60af-45bf-ab8f-9c813a70f118,Tierra,2.35,0.43,25.42,9.8,Tierra,Saturno
b207ce5b-396a-4263-a845-6f388d8f8373,Tierra,2.16,0.63,10.88,9.8,Tierra,Saturno
8ea6ac79-0abc-42f1-ad22-da71d469fc32,Tierra,2.15,0.4,26.87,9.8,Tierra,Saturno
b3d28b49-ed4f-46a4-839f-07e8c2234b80,Saturno,1.84,0.5,14.72,9.0,Tierra,Saturno
d4f7b4ba-7946-4d79-bace-60b5b683f8f9,Tierra,2.4,0.42,27.21,9.8,Tierra,Saturno
7efe9d5c-c981-4375-98b5-f99246d38a84,Tierra,1.71,0.41,20.35,9.8,Tierra,Saturno
30ad94a2-7c42-416d-8bbe-4075587bcb24,Tierra,2.49,0.6,13.83,9.8,Tierra,Saturno
e65a31e9-96c2-4585-a385-5afaccbb6b98,Saturno,1.87,0.6,10.39,9.0,Tierra,Saturno
f1c3fa9f-583b-4b75-a58a-cf6342e94ede,Saturno,1.74,0.54,11.93,9.0,Tierra,Saturno
becd8334-4e58-4521-8f00-127ae6027f76,Tierra,1.72,0.68,7.44,9.8,Saturno,Tierra
a2be1fb1-4d53-4036-9fec-935c3bff6c43,Tierra,1.17,0.42,13.27,9.8,Tierra,Saturno
0425b01e-4d95-4de7-9845-8e9796f0c983,Tierra,0.99,0.49,8.25,9.8,Saturno,Tierra
5e3cdf03-739c-443d-8086-5213c2477cf6,Saturno,1.47,0.5,11.76,9.0,Tierra,Saturno
da6209d7-eed6-42f9-af42-c8c24f570c74,Saturno,1.17,0.65,5.54,9.0,Saturno,Tierra
cc78b557-579c-4d93-9261-15c465ece313,Saturno,1.39,0.67,6.19,9.0,Saturno,Tierra
4ed1732f-69e8-49a6-8b86-8725fcbd4f4a,Saturno,2.25,0.64,10.99,9.0,Tierra,Saturno
d88e1797-773a-479f-a399-dd514a5b1e08,Saturno,1.02,0.52,7.54,9.0,Saturno,Tierra
3910d300-87f0-483f-8e57-4fd248907294,Tierra,2.0,0.43,21.63,9.8,Tierra,Saturno
9008fbf5-744e-4f84-bedb-7b6c8aed36fe,Saturno,2.1,0.55,13.88,9.0,Tierra,Saturno
3b91a205-dba4-476c-9d3e-7a0f0d6257c4,Tierra,1.42,0.51,10.92,9.8,Tierra,Saturno
baca6649-d675-43b6-86a2-0087c968ecef,Tierra,1.53,0.7,6.24,9.8,Saturno,Tierra
b9e06a81-1017-4614-bf97-fadc511b0e2f,Tierra,1.33,0.44,13.74,9.8,Tierra,Saturno
0845c2ed-666e-4f86-a64b-203b8625dee3,Tierra,0.98,0.6,5.44,9.8,Saturno,Tierra
5fe84984-848b-471b-b23e-e1b52d692384,Saturno,1.48,0.62,7.7,9.0,Saturno,Tierra
dacdd964-6e63-4283-9816-3a3021eb13df,Tierra,2.28,0.47,20.64,9.8,Tierra,Saturno
e6dff41b-7fad-4708-984d-babc1fa717c4,Saturno,1.97,0.46,18.62,9.0,Tierra,Saturno
ee0dcfcf-5196-4c8c-abbc-30dbef066203,Saturno,2.32,0.57,14.28,9.0,Tierra,Saturno
47be47d6-2d0f-4f03-9f55-26e8db0681eb,Tierra,2.5,0.61,13.44,9.8,Tierra,Saturno
02bebb24-0307-4531-80c4-e294ee66c7fd,Tierra,1.79,0.52,13.24,9.8,Tierra,Saturno
e5e408c2-2dfb-4d7f-acb1-972ee55ca000,Saturno,1.47,0.57,9.05,9.0,Saturno,Tierra
05529727-9319-4cdb-9d7d-bec62d1f6b85,Saturno,1.37,0.67,6.1,9.0,Saturno,Tierra
b4f9aad1-234b-4572-9218-89be5a8d00ba,Tierra,1.05,0.43,11.36,9.8,Tierra,Saturno
80e34d23-0617-4f11-a379-ee1b50b93727,Saturno,1.42,0.69,5.97,9.0,Saturno,Tierra
ec0e0adf-2d6b-4c38-8116-924b2e4158d4,Saturno,1.81,0.64,8.84,9.0,Saturno,Tierra
22418806-687f-48f6-aa5a-a876b8e123a3,Tierra,1.91,0.63,9.62,9.8,Tierra,Saturno
d123ef03-b181-4b90-ab55-4f94385a2eb8,Saturno,1.07,0.63,5.39,9.0,Saturno,Tierra
cccb495e-bc22-45aa-b310-59ed445bc803,Tierra,1.63,0.44,16.84,9.8,Tierra,Saturno
af7066a1-d476-45b5-ab53-1b10795f0d86,Tierra,1.12,0.53,7.97,9.8,Saturno,Tierra
f7c5e0b2-6bcb-4759-a093-62193db0228a,Saturno,0.92,0.61,4.94,9.0,Saturno,Tierra
2ae8332d-448c-486d-b185-28a034d14838,Saturno,1.07,0.61,5.75,9.0,Saturno,Tierra
588f1c22-e472-42f4-af6b-fc7b43888d5e,Saturno,1.64,0.52,12.13,9.0,Tierra,Saturno
d6cbdd0f-4273-42d5-87a9-24fcf06be5c4,Tierra,1.98,0.52,14.64,9.8,Tierra,Saturno
97793b09-5c9f-4fb1-9086-e95cd2543ff4,Tierra,2.23,0.63,11.24,9.8,Tierra,Saturno
649c7af6-39a2-49c5-bc13-f6812a986a35,Tierra,2.43,0.43,26.28,9.8,Tierra,Saturno
d4c92fa1-77a2-4d56-af5d-13581e3f2247,Tierra,1.33,0.45,13.14,9.8,Tierra,Saturno
2467f054-6b29-42db-8c28-d9b57d8c4e9c,Tierra,1.58,0.43,17.09,9.8,Tierra,Saturno
7ffe41f0-121c-4419-b4c9-2c31172dca64,Tierra,2.32,0.58,13.79,9.8,Tierra,Saturno
25f73c19-68af-4450-8833-cfcfeba6cbeb,Tierra,1.92,0.58,11.41,9.8,Tierra,Saturno
d86a6c09-97ce-4f43-88f7-7771f5546f66,Tierra,1.96,0.55,12.96,9.8,Tierra,Saturno
9fa45fb3-0891-4516-967b-a697a9592218,Tierra,1.14,0.43,12.33,9.8,Tierra,Saturno
e86f5cc7-e257-4ca2-b056-e976b9d55957,Saturno,1.75,0.6,9.72,9.0,Tierra,Saturno
781b1e07-d81d-4b2f-adf6-0b5104e8c07b,Tierra,0.9,0.55,5.95,9.8,Saturno,Tierra
ce1845c9-b097-4d52-a210-34e9c4ebb738,Tierra,0.9,0.56,5.74,9.8,Saturno,Tierra
b9eddc88-5d39-4557-9b0d-6b96390d98f8,Saturno,1.69,0.42,19.16,9.0,Tierra,Saturno
71aa5c6d-c71c-4e23-b01d-c7e916d48e98,Saturno,2.13,0.41,25.34,9.0,Tierra,Saturno
d1988594-5dc4-40e7-826b-7f9541d09e53,Saturno,1.28,0.42,14.51,9.0,Tierra,Saturno
269ea537-613c-4fd9-9cd8-420beb066e91,Tierra,1.62,0.43,17.52,9.8,Tierra,Saturno
b9f6f57f-afb4-4264-8c50-93b7297fe377,Saturno,0.88,0.58,5.23,9.0,Saturno,Tierra
d6da1583-5f65-4bc5-90ec-a1c9e2e3a813,Tierra,1.99,0.54,13.65,9.8,Tierra,Saturno
de109af0-f1ba-4c65-b6da-8b822cddd9dd,Tierra,2.14,0.62,11.13,9.8,Tierra,Saturno
dba26e4e-eab8-4109-bab1-6036896e9f03,Tierra,1.87,0.52,13.83,9.8,Tierra,Saturno
0826a9c1-5859-4796-b75f-cb06dffb0e60,Saturno,1.09,0.66,5.0,9.0,Saturno,Tierra
7ac406d1-f6f0-41c6-82a2-bf4d913a469a,Tierra,2.48,0.69,10.42,9.8,Tierra,Saturno
6a726a2d-bf32-40e6-af8c-06446f3225bb,Tierra,1.99,0.52,14.72,9.8,Tierra,Saturno
33b8ec53-a3bc-4572-b9cb-182ed3b78e8a,Tierra,1.86,0.64,9.08,9.8,Saturno,Tierra
b64b7eee-35b7-49c8-88fd-3ed39d99e7e8,Saturno,1.24,0.52,9.17,9.0,Saturno,Tierra
c9bd2ff3-a007-4e30-b269-f475f6d11523,Tierra,2.13,0.43,23.04,9.8,Tierra,Saturno
1971989c-ed30-42ca-b295-12503034d277,Saturno,2.01,0.56,12.82,9.0,Tierra,Saturno
f546d78b-3d0e-458a-8c10-9d673c72f1bb,Saturno,1.59,0.42,18.03,9.0,Tierra,Saturno
1a2cf8ac-f5b9-4e7b-814d-bc48aa148e86,Tierra,1.35,0.55,8.93,9.8,Saturno,Tierra
e776f9e1-145d-46d6-b767-33a5308f1365,Tierra,1.94,0.53,13.81,9.8,Tierra,Saturno
8cbca0bb-a09c-4ab0-a251-8d4969b2e0c5,Saturno,2.11,0.48,18.32,9.0,Tierra,Saturno
399ca05c-f5bb-4f02-bb3e-7190e0f26218,Tierra,1.96,0.41,23.32,9.8,Tierra,Saturno
3d9d6827-8028-4158-b4dc-2644ab372f43,Saturno,1.14,0.65,5.4,9.0,Saturno,Tierra
08732124-1e4d-4780-95e7-00e82fc88c00,Saturno,2.28,0.44,23.55,9.0,Tierra,Saturno
3ea4f289-1951-4f88-924f-fecfed880b10,Tierra,2.28,0.45,22.52,9.8,Tierra,Saturno
e889fb35-1d53-40ae-94c6-7895485c5ee1,Saturno,2.24,0.55,14.81,9.0,Tierra,Saturno
ca5ee0ba-e668-4efd-9557-989ec9ce8132,Tierra,1.23,0.6,6.83,9.8,Saturno,Tierra
bdcdd3fd-7878-49c9-8d96-5e09e94e5b47,Saturno,1.16,0.4,14.5,9.0,Tierra,Saturno
b650b05b-cc07-4ec3-99da-00633a12c890,Tierra,1.69,0.67,7.53,9.8,Saturno,Tierra
ee23b147-fa01-44cc-a696-174cb901e1bb,Saturno,1.79,0.41,21.3,9.0,Tierra,Saturno
fb669c49-24e5-4bd4-b233-6b1cd06cb23d,Saturno,1.86,0.62,9.68,9.0,Tierra,Saturno
ece9504c-20ab-4705-9f4d-d17f3fb7424b,Saturno,2.47,0.7,10.08,9.0,Tierra,Saturno
bf9361ac-cf6d-4acb-9260-efaa2f1e9edd,Tierra,1.87,0.5,14.96,9.8,Tierra,Saturno
430b0f2e-a6bf-41c2-baa8-157dfb6b0d29,Saturno,2.47,0.6,13.72,9.0,Tierra,Saturno
efe2ea4b-c263-441f-b3a5-636fbfe3d1c9,Saturno,1.57,0.56,10.01,9.0,Tierra,Saturno
c5ba3132-9e42-49bd-90bc-9204c5cb9927,Tierra,1.32,0.44,13.64,9.8,Tierra,Saturno
6c097f27-a96e-49a7-a2d6-0b967c81fb46,Saturno,0.96,0.62,4.99,9.0,Saturno,Tierra
1e84c9ef-6d7c-4c02-a0a6-733fcdc3137b,Tierra,2.08,0.59,11.95,9.8,Tierra,Saturno
eae17503-86e4-4130-b3c4-92a59bfb8842,Tierra,1.2,0.58,7.13,9.8,Saturno,Tierra
a9d1a85c-6e50-4ef7-8bd5-22d280dcf0b4,Tierra,2.14,0.48,18.58,9.8,Tierra,Saturno
04909c35-a7f0-42a9-896b-9b3a6d7e5808,Saturno,2.37,0.53,16.87,9.0,Tierra,Saturno
fb41b511-1ca8-44a2-a135-1bf042fd65df,Saturno,2.43,0.44,25.1,9.0,Tierra,Saturno
3cc49d38-8d72-4a38-abf8-34f043d8b0e7,Saturno,1.67,0.69,7.02,9.0,Saturno,Tierra
1e1ccba6-e09c-469d-ab83-f2c9ee3c22bb,Saturno,2.22,0.61,11.93,9.0,Tierra,Saturno
c8b7d7e5-6bba-40d5-8f7f-ccc3904e838a,Saturno,1.58,0.57,9.73,9.0,Tierra,Saturno
15e9fe25-9750-4e5f-b407-00a6c28b956d,Tierra,1.17,0.43,12.66,9.8,Tierra,Saturno
00bcbce4-8660-45c8-9b4d-d282fa5e5b25,Saturno,2.11,0.56,13.46,9.0,Tierra,Saturno
79bb2837-59b5-429d-a3f6-2937d55cc001,Saturno,1.68,0.4,21.0,9.0,Tierra,Saturno
e7bb4f8b-3d46-44f8-88c2-71031fae5ff8,Saturno,1.41,0.48,12.24,9.0,Tierra,Saturno
7d7e6ff6-5986-4603-9e01-7be4eec7a7ed,Tierra,1.53,0.64,7.47,9.8,Saturno,Tierra
