ID,Longitud (m),Tiempo (s),g_calculado (m/s²),Planeta más probable,2do más probable,3ro más probable
1c8e2d42-d0b8-4946-8fae-085556df4606,1.73,0.4,21.62,Júpiter,Neptuno,Tierra
11404892-5c8c-46b6-9430-0c988ead1a89,1.53,0.65,7.24,Urano,Saturno,Tierra
a116220f-be9a-4b7e-ade0-3adec6f7d152,2.38,0.48,20.66,Júpiter,Neptuno,Tierra
ba0618bb-cb21-4c82-8979-65ed29fa480e,1.33,0.58,7.91,Urano,Saturno,Tierra
61096397-435c-4b34-9b01-c5da59c2c668,1.05,0.68,4.54,Marte,Urano,Saturno
acab46a8-8733-42c9-9179-2b30b6de37e5,1.61,0.58,9.57,Tierra,Saturno,Urano
ea1d9d2c-8316-4920-8ad2-ca1d72b28b17,1.11,0.43,12.01,Neptuno,Tierra,Saturno
3575e8b3-9013-422f-b904-abc94e6c6bd6,1.98,0.67,8.82,Urano,Saturno,Tierra
8133bdcc-aca5-47cd-abcb-71cf7e9e4b05,1.15,0.64,5.62,Marte,Urano,Saturno
b9245ede-4381-4602-ae06-c35c17eec054,1.46,0.7,5.96,Marte,Urano,Saturno
63d419a8-f5c7-410c-b623-82f0b9622396,2.25,0.42,25.51,Júpiter,Neptuno,Tierra
ce392783-6d6d-4434-8005-99e7522558c4,0.92,0.5,7.36,Urano,Saturno,Tierra
a00429f4-ecb5-4227-9122-fa3866ca65a8,1.56,0.42,17.69,Neptuno,Júpiter,Tierra
22327832-570c-485b-8a7d-6e7c1e04bd81,1.36,0.5,10.88,Neptuno,Tierra,Saturno
c2cd03ce-6c97-47ad-85a0-0a37aeba229f,2.28,0.68,9.86,Tierra,Saturno,Neptuno
a917b21c-bdf4-4b15-a841-0d7abea92b64,0.96,0.42,10.88,Neptuno,Tierra,Saturno
dd9dd2f7-75b4-403f-9a24-9e5e81b7e99d,2.34,0.54,16.05,Neptuno,Tierra,Saturno
0b1baef7-e18d-4c28-9e54-9e1606fbac72,1.03,0.6,5.72,Marte,Urano,Saturno
ea81ee42-1b49-49aa-8dda-52b4deb3ad33,1.23,0.43,13.3,Neptuno,Tierra,Saturno
3336c0cd-7440-4a74-947c-b8c50f12b098,1.31,0.67,5.84,Marte,Urano,Saturno
f98a52b6-0f24-4e2d-9583-0ec89ac672af,1.16,0.65,5.49,Marte,Urano,Saturno
3035892f-90db-433a-a3eb-44872776f92f,2.35,0.51,18.07,Júpiter,Neptuno,Tierra
8642a3ed-bf98-4504-883a-8cff8d04115d,2.46,0.48,21.35,Júpiter,Neptuno,Tierra
d0ac558a-e93b-4a81-a57e-8e97c7715707,1.62,0.48,14.06,Neptuno,Tierra,Saturno
25bfaa60-b960-488c-852c-55723c089c88,2.5,0.54,17.15,Neptuno,Tierra,Júpiter
309b463b-7507-4d8b-8c68-57c029aa6d59,1.6,0.63,8.06,Urano,Saturno,Tierra
9c543af0-4e73-477e-bc6f-38cb696e2090,1.09,0.47,9.87,Tierra,Saturno,Neptuno
9fc9ad1a-9386-447d-84ac-ee757b04249a,1.67,0.59,9.59,Tierra,Saturno,Urano
dabcdeb6-ca64-40d2-b243-28d863fc672c,1.47,0.56,9.37,Saturno,Tierra,Urano
db36ee51-de02-4328-b6a8-9993b6f294e2,2.05,0.44,21.18,Júpiter,Neptuno,Tierra
6637cc88-9c3c-4af4-9601-11442b156cd1,1.63,0.64,7.96,Urano,Saturno,Tierra
4c48f776-6414-4321-ad93-2a41e54a0e08,1.99,0.67,8.87,Saturno,Urano,Tierra
d9652f1e-b185-45aa-a92c-e8c290638dda,1.37,0.43,14.82,Neptuno,Tierra,Saturno
7413a56c-11d9-4891-a520-dc25aecc9c08,1.52,0.63,7.66,Urano,Saturno,Tierra
de9601f5-cf24-45f2-a002-7e573cef542b,1.83,0.5,14.64,Neptuno,Tierra,Saturno
e9462516-bc3b-405b-aec1-8127547e94e9,2.49,0.54,17.08,Neptuno,Tierra,Júpiter
f99ea230-9cbc-464f-b78b-c666301e0b83,2.38,0.53,16.95,Neptuno,Tierra,Júpiter
c4e54e0c-2748-444e-8630-1c69158b64bd,2.03,0.64,9.91,Tierra,Saturno,Neptuno
d3a2554e-e2a7-42e4-aa8b-45066ef8db07,1.97,0.57,12.13,Neptuno,Tierra,Saturno
3fa4acef-3ad2-4da4-804f-972f4a338ac5,1.94,0.68,8.39,Urano,Saturno,Tierra
e289a3ba-53e4-4cb8-b842-c08511f1899b,1.01,0.69,4.24,Marte,Urano,Saturno
067f2bb9-ab7a-4b61-ab95-1275cdba0d5b,1.66,0.63,8.36,Urano,Saturno,Tierra
9442d0b9-72c1-4285-bab7-5b921d0397da,1.34,0.61,7.2,Urano,Saturno,Tierra
f030d407-89bd-47e6-9554-62704a6d7b5e,1.69,0.58,10.05,Tierra,Neptuno,Saturno
8b73c5d3-2734-4df7-9e98-8c120581b4c4,1.86,0.59,10.69,Neptuno,Tierra,Saturno
23868d68-8dca-424f-b1b7-3f5b1e0e2fa3,2.25,0.58,13.38,Neptuno,Tierra,Saturno
df3bcf99-4d7b-4aea-abca-0b964620bd36,1.42,0.41,16.89,Neptuno,Tierra,Saturno
f36ef130-b5ac-4fbd-88b5-8b82bb44909b,2.23,0.62,11.6,Neptuno,Tierra,Saturno
ee5078fa-b40f-441e-99f8-44b12de675f2,1.97,0.52,14.57,Neptuno,Tierra,Saturno
8b91eaf5-6e62-418a-8135-6d822b2fe58c,1.02,0.53,7.26,Urano,Saturno,Tierra
af35814a-7b55-4775-8315-4475e6e35582,1.49,0.57,9.17,Saturno,Urano,Tierra
5a588354-18e5-4411-a8f6-ba56e4d76e3a,1.01,0.56,6.44,Urano,Saturno,Marte
09da3520-fffe-466a-bb58-3a33c1178224,2.49,0.65,11.79,Neptuno,Tierra,Saturno
405d50aa-f99d-41ff-bbd8-6d2837e2bd88,2.22,0.55,14.68,Neptuno,Tierra,Saturno
6f95b9ea-94e3-4198-b1af-2a527bdb82ac,1.14,0.66,5.23,Marte,Urano,Saturno
7c2ae9c3-3037-4fbe-aae4-8e35d77ee8e7,2.18,0.58,12.96,Neptuno,Tierra,Saturno
35688519-8820-4332-ad6b-5067f4de130e,0.98,0.47,8.87,Saturno,Urano,Tierra
7b0c06e5-2647-41d8-9f2b-a2282711e6c9,2.28,0.48,19.79,Júpiter,Neptuno,Tierra
a8a2b6ce-f7e9-400f-953b-1ba973add1e7,0.95,0.46,8.98,Saturno,Urano,Tierra
4ca88657-43b5-4f19-88ea-9e6b3ee9ef0b,2.46,0.47,22.27,Júpiter,Neptuno,Tierra
75fa0d9b-c128-4616-817d-acf80d3f3264,1.79,0.49,14.91,Neptuno,Tierra,Saturno
0b6ccd19-8ee4-4e71-8bb7-323fa50aceb9,2.12,0.52,15.68,Neptuno,Tierra,Saturno
5222e3ac-6003-4a78-9530-fa1e59db2f7c,2.05,0.55,13.55,Neptuno,Tierra,Saturno
55113569-b610-4b33-9d7e-4f0a96eaf7f8,2.19,0.54,15.02,Neptuno,Tierra,Saturno
ff1325cc-8058-403b-a3c3-e0cb8a021188,1.55,0.42,17.57,Neptuno,Júpiter,Tierra
c2f1564b-11cf-4f68-aa9c-a8ffda8fef8c,2.31,0.48,20.05,Júpiter,Neptuno,Tierra
abd19389-9fb0-4a40-b93b-412a168e2ec9,2.33,0.53,16.59,Neptuno,Tierra,Saturno
a1b0b31c-0d49-4897-8cf6-d6f84a5e4017,1.39,0.63,7.0,Urano,Saturno,Tierra
b8980d7a-1c9f-405a-83c2-9c9e524f8ed8,1.2,0.52,8.88,Saturno,Urano,Tierra
c4f6ab1a-5b90-47a1-af3a-8603689a137e,0.87,0.51,6.69,Urano,Saturno,Marte
b3584db8-e121-47a7-8e03-4999f68498fb,1.58,0.52,11.69,Neptuno,Tierra,Saturno
8417aad1-9d4b-4114-8284-4ab13cf240df,1.39,0.53,9.9,Tierra,Saturno,Neptuno
be366813-97e3-4c63-903e-c8afc18d4b1c,2.49,0.55,16.46,Neptuno,Tierra,Saturno
be3a393f-2971-4a4b-890f-bd90362d5ab5,1.1,0.68,4.76,Marte,Urano,Saturno
54de5504-bc22-4fc7-9676-86aed64a0545,1.42,0.58,8.44,Urano,Saturno,Tierra
3b9db517-48ad-483c-81d1-053b48ca632c,1.21,0.46,11.44,Neptuno,Tierra,Saturno
05bfce7b-1cca-4ed3-8d98-92ce6828d488,2.33,0.41,27.72,Júpiter,Neptuno,Tierra
e0bf33b2-58f2-4dfa-977c-3771b6f209ad,1.37,0.5,10.96,Neptuno,Tierra,Saturno
7df8d7ad-d98d-459e-8955-7f5191cc5094,1.66,0.44,17.15,Neptuno,Tierra,Júpiter
8f3d8085-66dc-43df-94c7-1e989eb364f7,1.59,0.58,9.45,Tierra,Saturno,Urano
d075f812-062e-4f47-b6e6-de2e34971b45,0.91,0.4,11.37,Neptuno,Tierra,Saturno
d1eb7850-9cdf-44db-ae5b-590489f2fe1e,1.23,0.65,5.82,Marte,Urano,Saturno
1722d4c2-3c46-4375-8479-0598cf3aa966,2.49,0.49,20.74,Júpiter,Neptuno,Tierra
1bcf91fe-f0cd-4b5c-8981-5cf8c63188a2,1.1,0.4,13.75,Neptuno,Tierra,Saturno
74996d84-61bb-492e-acf3-f13e79ee6175,1.75,0.43,18.93,Júpiter,Neptuno,Tierra
9e6bb4a8-77cd-4714-804f-a5605f92e269,2.15,0.6,11.94,Neptuno,Tierra,Saturno
45df2baf-c10e-4892-8cf0-af1acd01f269,0.95,0.6,5.28,Marte,Urano,Saturno
c2fc9aef-f764-48c1-96b4-66b074d52029,1.57,0.64,7.67,Urano,Saturno,Tierra
53aafac1-2199-4eaa-aa4b-2a7ad985460b,1.01,0.45,9.98,Tierra,Saturno,Neptuno
fc222c34-8832-4aca-8784-c4d40091c8b5,1.51,0.53,10.75,Neptuno,Tierra,Saturno
764c02c5-2544-4f66-b4fa-615d784fa070,1.4,0.44,14.46,Neptuno,Tierra,Saturno
ffa7ab3e-d68d-4250-9538-8cddf443061f,1.13,0.55,7.47,Urano,Saturno,Tierra
160c528a-34eb-4438-a86a-6a6183ae7a4c,1.55,0.7,6.33,Urano,Marte,Saturno
2e018a97-23f0-4623-8c02-b062ce099ad3,2.1,0.65,9.94,Tierra,Saturno,Neptuno
e7224f6b-ac98-427e-b113-ebed7bed1c80,1.79,0.61,9.62,Tierra,Saturno,Urano
89c307b0-f501-4fc2-a242-3e96cabf6363,1.63,0.51,12.53,Neptuno,Tierra,Saturno
dea6b412-9764-4c80-b422-873a84175197,1.32,0.47,11.95,Neptuno,Tierra,Saturno
c49ef213-ba17-4b7c-bd03-720dde7fecf5,1.02,0.48,8.85,Saturno,Urano,Tierra
9d0b854c-2645-4119-b54b-013703de5702,2.1,0.63,10.58,Neptuno,Tierra,Saturno
8454df08-1aa1-40d5-8058-0bba31165419,1.17,0.42,13.27,Neptuno,Tierra,Saturno
fb4e1628-66ff-4bb0-b10b-d299a2f35c14,1.38,0.55,9.12,Saturno,Urano,Tierra
c4fc6672-35f8-46d1-a17a-2cb0e9d26e24,1.95,0.48,16.93,Neptuno,Tierra,Júpiter
3603ad4c-e2cc-49f8-8224-ffd0267d7561,1.3,0.66,5.97,Marte,Urano,Saturno
47c6d62a-ac67-4474-8f3b-bc2d221206e0,2.3,0.43,24.88,Júpiter,Neptuno,Tierra
8d2f282f-7d34-4305-bade-c39373e32e79,1.78,0.42,20.18,Júpiter,Neptuno,Tierra
ffe7e48d-b2d7-4a97-91d1-c7430c344f17,2.08,0.66,9.55,Tierra,Saturno,Urano
5f870e58-80a1-4715-9971-e9e19ae84db6,1.2,0.44,12.4,Neptuno,Tierra,Saturno
79ea0ea8-7656-400a-ab44-8dad71d3df07,1.49,0.52,11.02,Neptuno,Tierra,Saturno
b4080803-5343-4325-95be-9b46e2237a7b,0.97,0.49,8.08,Urano,Saturno,Tierra
979c1866-f304-4674-b97e-5dd32ee2e7d8,0.82,0.53,5.84,Marte,Urano,Saturno
675b0fa9-8d33-4c42-86ce-96d66b4d6e5b,0.95,0.68,4.11,Marte,Urano,Saturno
bfe06018-d0b2-4047-a502-18966ec1fd7b,0.99,0.43,10.71,Neptuno,Tierra,Saturno
4ba5a551-37ee-4a71-88a9-5db6bb9f79ae,1.32,0.55,8.73,Urano,Saturno,Tierra
cbabc7e7-ae13-4a04-aad0-ded9264ea186,1.26,0.64,6.15,Marte,Urano,Saturno
8ba09192-283d-4dee-86a7-5ca230dc75cf,2.45,0.59,14.08,Neptuno,Tierra,Saturno
ee9af1a4-b31b-44ab-b460-f47b5d2462a6,2.22,0.47,20.1,Júpiter,Neptuno,Tierra
730ccbac-d594-4800-8616-99012727127e,1.84,0.56,11.73,Neptuno,Tierra,Saturno
3d5df870-2458-461c-82b0-76e4d19f62d1,2.22,0.47,20.1,Júpiter,Neptuno,Tierra
8c7e3db7-a354-476f-bed5-e4bef8a0bbd3,1.17,0.66,5.37,Marte,Urano,Saturno
ed417710-cb3f-41a7-9cf6-9554b9c2438a,1.05,0.59,6.03,Marte,Urano,Saturno
d40ace15-8b2a-48e3-9b85-06ccb6b0d69c,2.03,0.67,9.04,Saturno,Urano,Tierra
96303d4b-7739-48f8-9e02-78660a73e6c8,2.09,0.46,19.75,Júpiter,Neptuno,Tierra
6928b90c-6138-4107-9537-e322c4ad71bf,1.23,0.7,5.02,Marte,Urano,Saturno
61280c7e-0e5f-4f13-83c4-66adcfaba18a,2.02,0.56,12.88,Neptuno,Tierra,Saturno
ded47e92-4a80-4ce6-a7cd-466681baa1a2,2.33,0.68,10.08,Tierra,Neptuno,Saturno
8644b2b6-fe04-40df-bd64-82823207524b,2.31,0.4,28.87,Júpiter,Neptuno,Tierra
3b7c6048-f7fe-4c5d-a6d2-62ae7940df97,1.17,0.58,6.96,Urano,Saturno,Tierra
4497681a-a412-40bc-9086-b917b924385a,1.29,0.64,6.3,Urano,Marte,Saturno
9797af5b-2a8f-40ed-b2ca-70b98d97d2ca,1.46,0.54,10.01,Tierra,Neptuno,Saturno
422c43f9-6f0a-4966-adad-50665e2baecf,2.12,0.47,19.19,Júpiter,Neptuno,Tierra
010abdb7-653f-43d6-ad49-d1d2fa84bb55,1.9,0.55,12.56,Neptuno,Tierra,Saturno
ea94bd4e-da57-423f-bb03-53eba3b69a25,1.49,0.5,11.92,Neptuno,Tierra,Saturno
c476d336-420a-449e-9c55-d5053fe2549b,2.37,0.53,16.87,Neptuno,Tierra,Saturno
e2c371fc-87d3-4e7d-8a98-cfe42567ec13,1.28,0.68,5.54,Marte,Urano,Saturno
cd316ddd-fd83-490c-a20a-08e67beede00,1.41,0.6,7.83,Urano,Saturno,Tierra
e26cfed8-5b35-48a5-825f-85c3bee4918d,1.1,0.59,6.32,Urano,Marte,Saturno
ad7cd29d-155c-465a-a730-97c3be7a52c5,1.06,0.51,8.15,Urano,Saturno,Tierra
3e7a24bb-6764-4418-bf81-7b3b5c13d94f,2.0,0.51,15.38,Neptuno,Tierra,Saturno
56012a9a-9614-4c48-8af3-6593332ed7d2,1.95,0.54,13.37,Neptuno,Tierra,Saturno
78d77b04-0869-49d5-ab2d-4cecda04037f,1.57,0.66,7.21,Urano,Saturno,Tierra
2dff61e2-114a-4b97-9ff8-38e849bb5044,1.93,0.51,14.84,Neptuno,Tierra,Saturno
056e3011-83b9-4836-a1e9-56ef73aa4d6b,1.23,0.64,6.01,Marte,Urano,Saturno
866f34cf-c590-49b0-9dd8-6ba3a712b8b7,2.21,0.49,18.41,Júpiter,Neptuno,Tierra
2c8714e9-37f5-4e52-b121-d064a25ffe73,1.6,0.58,9.51,Tierra,Saturno,Urano
49fb2bce-64ef-4704-8104-f8a04e150070,1.02,0.54,7.0,Urano,Saturno,Tierra
b37b9ed7-da63-4dce-b97c-aef87efa9a6f,2.43,0.49,20.24,Júpiter,Neptuno,Tierra
246f8132-30d5-42fc-9d13-1e164e978b2c,1.73,0.44,17.87,Neptuno,Júpiter,Tierra
aeb15320-8f5b-435d-b295-5d4462dd93ba,1.25,0.4,15.62,Neptuno,Tierra,Saturno
0991e53f-bab9-45e1-946e-6c61d4777944,1.12,0.51,8.61,Urano,Saturno,Tierra
956a46f0-d217-4728-9309-64ca90ac79bf,1.79,0.65,8.47,Urano,Saturno,Tierra
6076d248-00d7-42ba-89c0-29e83d03ede9,0.89,0.67,3.97,Marte,Urano,Saturno
f8e7f961-8143-4673-b5cf-cb650a2c7db1,2.12,0.55,14.02,Neptuno,Tierra,Saturno
cef24d0b-1733-4210-a246-657d50958138,1.75,0.67,7.8,Urano,Saturno,Tierra
d3f2a788-7e8d-4c53-89ce-d68a0537fd95,1.99,0.55,13.16,Neptuno,Tierra,Saturno
c236b65e-1865-45ea-bfad-051a3d65b8c2,1.32,0.44,13.64,Neptuno,Tierra,Saturno
d15a5cdb-0854-4dde-9e93-16e1c992d981,1.51,0.7,6.16,Marte,Urano,Saturno
b57858ae-4a81-41cd-a860-87989a704d6f,2.23,0.68,9.65,Tierra,Saturno,Urano
a6ef4115-d41b-4e55-a98c-ede60c2c9c1a,1.96,0.45,19.36,Júpiter,Neptuno,Tierra
468b852d-a322-4f69-8bbe-626575f360c1,1.54,0.49,12.83,Neptuno,Tierra,Saturno
35d8ba57-a1c4-4f20-adb9-b8c92473c415,1.82,0.56,11.61,Neptuno,Tierra,Saturno
764236b8-6aea-4082-b1bb-ae32dbc7341f,1.13,0.68,4.89,Marte,Urano,Saturno
c6a17aaf-f498-4003-bcbb-26ed8e21109b,2.5,0.6,13.89,Neptuno,Tierra,Saturno
0242b3b3-b2a9-4ccb-a570-df856422ae2b,0.96,0.47,8.69,Urano,Saturno,Tierra
77eb0911-377c-4f11-adff-02de437c08ef,2.02,0.48,17.53,Neptuno,Júpiter,Tierra
279ab54b-4ee9-4da8-b63f-8f626cb999c5,1.28,0.42,14.51,Neptuno,Tierra,Saturno
203f4641-61e7-40f3-867c-18d211b53623,2.5,0.44,25.83,Júpiter,Neptuno,Tierra
9b5cc539-d86b-4e75-a8c7-96b33456106c,1.66,0.46,15.69,Neptuno,Tierra,Saturno
977af998-7bc9-4682-ae59-67a6b69f0fb1,2.18,0.44,22.52,Júpiter,Neptuno,Tierra
c428ee0a-12c7-46eb-ad25-0e6ee6ba8609,1.99,0.57,12.25,Neptuno,Tierra,Saturno
1685c56c-6fce-4cdd-b966-6b1fb7ede4d6,1.56,0.45,15.41,Neptuno,Tierra,Saturno
0e661ccf-9ed0-4647-9dd2-70b0865f8595,2.42,0.53,17.23,Neptuno,Tierra,Júpiter
b179c149-569d-4eb1-8248-c80e79585521,1.62,0.57,9.97,Tierra,Saturno,Neptuno
f856570d-97cf-4c70-9d10-4849b9aa43eb,1.45,0.46,13.71,Neptuno,Tierra,Saturno
90966f55-f93f-4378-9db5-7da42f76af58,1.3,0.44,13.43,Neptuno,Tierra,Saturno
5e849ef4-fec2-4f2f-95fa-f9c896b50384,1.56,0.6,8.67,Urano,Saturno,Tierra
4eeb8486-fbc0-4311-8bd2-6ab569220e67,0.86,0.68,3.72,Marte,Urano,Saturno
b2c79378-502b-4b20-a486-2dbba88d459e,2.38,0.67,10.6,Neptuno,Tierra,Saturno
c0f4c867-6b70-4bda-9a69-eb7cfa606082,0.96,0.55,6.35,Urano,Marte,Saturno
4afe20cf-4cac-4792-ab97-fa227b0ecf54,1.24,0.56,7.91,Urano,Saturno,Tierra
5e6879f6-2c46-40c7-987c-96f10710cc4f,0.9,0.58,5.35,Marte,Urano,Saturno
15340e91-e391-49de-92d2-865a45c1ac39,0.93,0.49,7.75,Urano,Saturno,Tierra
835273bb-d216-4dec-9844-35fb3e956edd,2.41,0.63,12.14,Neptuno,Tierra,Saturno
c59cd94d-a44d-4d86-9de5-8ad6aeef7188,1.24,0.5,9.92,Tierra,Saturno,Neptuno
baa45393-061d-472d-8407-e8a4056cb527,1.36,0.63,6.85,Urano,Saturno,Tierra
6601e100-f4ef-4448-8f68-93872ab8f0f5,1.6,0.59,9.19,Saturno,Urano,Tierra
90bc2b60-3b8b-4d12-b4b1-687f1635ea93,1.01,0.55,6.68,Urano,Saturno,Marte
41720fcc-bc01-42f9-bcd5-42e5c20b35a4,2.11,0.46,19.94,Júpiter,Neptuno,Tierra
f4cafed2-d988-45ec-a5a9-32a8898edc78,2.43,0.5,19.44,Júpiter,Neptuno,Tierra
fa5fa7a0-86ea-4e7b-8168-f59ce185344e,2.23,0.65,10.56,Neptuno,Tierra,Saturno
dd8e3ba1-804a-4344-83ad-fb440d7327f3,2.04,0.55,13.49,Neptuno,Tierra,Saturno
3a0cf303-0c04-4565-84b2-dc31f8c308d0,1.77,0.48,15.36,Neptuno,Tierra,Saturno
abcd234c-fdd6-4ace-9619-61001c25cfe6,1.38,0.49,11.5,Neptuno,Tierra,Saturno
d542ad24-105c-49bf-a253-e64c98192f90,1.21,0.67,5.39,Marte,Urano,Saturno
02ec77a5-1f96-49b4-8c40-e69a81940491,1.16,0.62,6.04,Marte,Urano,Saturno
5c85305c-03dd-47c8-8b9c-6b40cf67a9d0,0.97,0.67,4.32,Marte,Urano,Saturno
fdbf95a2-64b2-4635-876e-18d7e2e63441,2.42,0.48,21.01,Júpiter,Neptuno,Tierra
a2f958ce-1522-4cbc-992e-b4ad289b0e0b,2.07,0.64,10.11,Tierra,Neptuno,Saturno
56607d9d-f20b-4a8c-97ad-3a78de0cb0dd,1.45,0.46,13.71,Neptuno,Tierra,Saturno
f01f48d6-8848-4485-8369-4f1156e0713b,2.15,0.64,10.5,Neptuno,Tierra,Saturno
6211a8fb-e61d-4816-bb46-b481bc73391b,2.28,0.51,17.53,Neptuno,Júpiter,Tierra
b707f76d-04df-4cb8-ba13-6bb66372f42a,1.59,0.65,7.53,Urano,Saturno,Tierra
c5bdcf61-e8b8-411a-85af-228a981232fe,1.08,0.42,12.24,Neptuno,Tierra,Saturno
005fd73b-4b01-4922-b1e6-5bbcae8f27ff,2.48,0.44,25.62,Júpiter,Neptuno,Tierra
2fd4bf7d-a402-4f1c-85c9-1e19b69554a9,1.58,0.69,6.64,Urano,Saturno,Marte
f30bf6f8-4c57-46e7-a6fb-a0fbb58fa16c,1.85,0.66,8.49,Urano,Saturno,Tierra
2f03ecc9-db77-41ce-904e-96d5e9186952,2.05,0.58,12.19,Neptuno,Tierra,Saturno
ada90384-2024-4a69-a528-6b7e0f3800d7,1.37,0.44,14.15,Neptuno,Tierra,Saturno
15804e63-650a-4976-b802-e0d2eb4379bd,1.27,0.57,7.82,Urano,Saturno,Tierra
a35f2cbb-b050-402e-9613-722d14d51558,1.97,0.49,16.41,Neptuno,Tierra,Saturno
e6341ff8-c67e-477f-9ce3-ab288acf2b30,1.76,0.55,11.64,Neptuno,Tierra,Saturno
b764b8de-16de-434d-a854-5bb58b1a942a,1.27,0.42,14.4,Neptuno,Tierra,Saturno
16fc004f-b9b3-439b-b99a-808c26ce4004,1.44,0.57,8.86,Saturno,Urano,Tierra
35dbf043-6e0b-42a7-bd38-1c985e36235f,2.43,0.54,16.67,Neptuno,Tierra,Saturno
3c56e2cb-702a-4920-aabf-b8ef0bb2f854,2.1,0.56,13.39,Neptuno,Tierra,Saturno
0a0c566f-2b65-4584-96d0-0d5dc265b4e6,1.11,0.55,7.34,Urano,Saturno,Tierra
72a3f4bd-b775-4be5-a2df-55ecaaeae511,2.39,0.58,14.21,Neptuno,Tierra,Saturno
aa960776-fb1b-4d9c-807d-d1600f4c77e7,1.07,0.46,10.11,Tierra,Neptuno,Saturno
5e0ef895-f329-45ca-ac25-5a9cb103efbc,2.14,0.68,9.26,Saturno,Tierra,Urano
d9302d87-9309-4d57-992d-365213c2cb53,1.11,0.7,4.53,Marte,Urano,Saturno
2df54ac9-5944-496d-bdc4-518b1ddf358d,1.83,0.5,14.64,Neptuno,Tierra,Saturno
f2153b39-f07f-40b9-b071-ff84826724ac,1.81,0.41,21.53,Júpiter,Neptuno,Tierra
c1af9a59-2c08-4c5d-876f-d3cdc555ee94,1.41,0.43,15.25,Neptuno,Tierra,Saturno
00d9140f-f977-44a4-883c-3553dded35cd,1.11,0.58,6.6,Urano,Saturno,Marte
78dd148d-5e3d-4090-b9ec-92b6c5ba7b07,1.63,0.45,16.1,Neptuno,Tierra,Saturno
c4e60b7b-2e33-4364-b994-7da2115b27d1,1.18,0.56,7.53,Urano,Saturno,Tierra
aacbe5b2-0c37-4d97-b599-ab97beace863,2.08,0.45,20.54,Júpiter,Neptuno,Tierra
e3dce3c4-94e7-498a-9782-09b02ce1ef32,2.14,0.65,10.13,Tierra,Neptuno,Saturno
ecd1b03c-72f2-4300-a23b-4697f4199e83,0.93,0.47,8.42,Urano,Saturno,Tierra
52e19f26-7210-4295-abb2-f1f76cd595f9,1.68,0.68,7.27,Urano,Saturno,Tierra
3829726d-33ef-42fb-8332-04845dc6361c,1.33,0.51,10.23,Tierra,Neptuno,Saturno
2392868b-7d3d-48e6-b0cf-18a385724ecc,1.86,0.59,10.69,Neptuno,Tierra,Saturno
9e747473-f754-4578-96c3-45e4644b06c3,1.51,0.49,12.58,Neptuno,Tierra,Saturno
6d6042ad-0214-407a-9e0f-eed2c899affa,2.17,0.55,14.35,Neptuno,Tierra,Saturno
5b68be3a-4da8-4964-bd2e-e94b0b490e9f,2.0,0.42,22.68,Júpiter,Neptuno,Tierra
b50cfcf0-a75e-4124-b19b-81deb4d81f52,1.8,0.64,8.79,Urano,Saturno,Tierra
54d34b8f-eb00-4995-b8f8-2fb3005e0544,1.73,0.48,15.02,Neptuno,Tierra,Saturno
0ccac8ca-89a6-4e8b-bcea-e28a0c4d6abf,1.63,0.59,9.37,Saturno,Tierra,Urano
0f9a07ca-3d1b-4a0f-9f5f-961b1b1b19e1,1.93,0.43,20.88,Júpiter,Neptuno,Tierra
1b031cad-bb33-45a6-9a9e-90fc3a0986ab,1.47,0.57,9.05,Saturno,Urano,Tierra
d448ff69-bcc2-4ddc-a452-57f6990320a3,1.28,0.43,13.85,Neptuno,Tierra,Saturno
6ee8da67-7017-44a7-8658-8f9c1d8c2347,1.02,0.46,9.64,Tierra,Saturno,Urano
bd0a9dc1-e347-4001-8762-841870bb220a,2.11,0.58,12.54,Neptuno,Tierra,Saturno
816efef3-cb72-41b6-a30d-665221a232a8,1.06,0.67,4.72,Marte,Urano,Saturno
f51c63e9-f022-42b0-9b10-e8f8f315f092,1.87,0.49,15.58,Neptuno,Tierra,Saturno
1c4c3e7d-45fd-4d4a-bcf2-5b9d313c9ff9,2.19,0.48,19.01,Júpiter,Neptuno,Tierra
9d31315b-a7c3-4459-8530-c36e6f102c91,2.3,0.62,11.97,Neptuno,Tierra,Saturno
42a60f47-18e7-40d0-87bd-ec62808d0834,1.02,0.63,5.14,Marte,Urano,Saturno
25963050-1c1a-452d-9826-9f54c1ff2822,2.39,0.43,25.85,Júpiter,Neptuno,Tierra
1a2baff4-6a54-4da7-9441-74aaebe04a83,2.35,0.48,20.4,Júpiter,Neptuno,Tierra
663e8086-1aa8-4edc-8feb-ccfd80bacfc7,2.38,0.49,19.83,Júpiter,Neptuno,Tierra
fc0ea9a5-f98d-4aec-8753-6a6011594248,2.12,0.55,14.02,Neptuno,Tierra,Saturno
d39e719f-38dc-4baa-9392-a7537aeb98d7,2.37,0.61,12.74,Neptuno,Tierra,Saturno
2c5eba0f-e220-4f58-b4b1-ef906e069e5d,0.8,0.43,8.65,Urano,Saturno,Tierra
1cc1239d-f30b-4028-aa9d-e5ef972440c9,0.94,0.41,11.18,Neptuno,Tierra,Saturno
ad63a3bc-5704-4d43-9cac-e828400c4dab,2.18,0.5,17.44,Neptuno,Júpiter,Tierra
30a2887b-458d-4ab5-b092-9984ffe9f1ae,0.9,0.47,8.15,Urano,Saturno,Tierra
e1983ff1-5c50-4fd6-8b93-a3b29f8ab356,2.17,0.63,10.93,Neptuno,Tierra,Saturno
e4dc7b7b-fd78-4f14-ae78-8a0681576690,1.47,0.55,9.72,Tierra,Saturno,Urano
0e92c483-b1b2-464d-a3ae-03ba539b24eb,2.18,0.55,14.41,Neptuno,Tierra,Saturno
7f532a91-27ff-4cb7-8a0e-2ade7b2e1b76,1.13,0.43,12.22,Neptuno,Tierra,Saturno
de544c5e-ff5f-42a4-a505-4c3070152cfc,1.63,0.44,16.84,Neptuno,Tierra,Saturno
ca7f150d-224f-4213-ae7b-b8b428761703,1.79,0.65,8.47,Urano,Saturno,Tierra
9f3db9af-8df9-41a2-92b5-2029c6e121e0,2.42,0.42,27.44,Júpiter,Neptuno,Tierra
96a6db7d-1ba8-42ed-b6e8-24d5b630b44f,0.97,0.46,9.17,Saturno,Urano,Tierra
c41e4f5a-1b0b-4a48-8681-ea67f16785df,1.41,0.51,10.84,Neptuno,Tierra,Saturno
e741aa17-6e2c-442e-a142-d1397e0520ee,1.57,0.55,10.38,Tierra,Neptuno,Saturno
57bd95ef-8c44-439b-80a3-0d86863d976d,2.23,0.61,11.99,Neptuno,Tierra,Saturno
7d16585f-6d29-44f4-81c0-61369abfc72d,2.41,0.47,21.82,Júpiter,Neptuno,Tierra
6f318b1d-f3a5-4b8c-9ca4-b99bd3e950de,1.21,0.63,6.1,Marte,Urano,Saturno
9c6d4816-d730-4676-b505-99eda17968fe,1.67,0.54,11.45,Neptuno,Tierra,Saturno
8c86c469-9ae2-4e5b-911c-4add5a2e4a8e,0.9,0.57,5.54,Marte,Urano,Saturno
f109e6bb-9024-402d-a24b-eab9b51dec96,1.62,0.62,8.43,Urano,Saturno,Tierra
58f93198-4bd3-4ddf-a9b4-0ba7d94f1e4a,1.37,0.68,5.93,Marte,Urano,Saturno
341fd0c6-9f59-4856-937d-2080b435ff56,1.73,0.67,7.71,Urano,Saturno,Tierra
855a71c1-e114-454e-bf4a-10c6e0ba09b7,1.46,0.53,10.4,Tierra,Neptuno,Saturno
0326d6e2-6682-444b-8406-a9208fee7296,0.92,0.67,4.1,Marte,Urano,Saturno
3f7c3989-3c1f-46f8-9663-aff0ee880147,1.37,0.52,10.13,Tierra,Neptuno,Saturno
dcb9b8ec-58f1-496a-b99e-eddad69bb04d,2.36,0.59,13.56,Neptuno,Tierra,Saturno
f498eea0-1752-4fc5-ae9e-981c658ad4ca,1.83,0.45,18.07,Júpiter,Neptuno,Tierra
0061aede-7040-4f33-8a54-1a679754c9ee,1.02,0.43,11.03,Neptuno,Tierra,Saturno
c7b28d8e-8f63-4178-8aa1-fe5db43d5b48,1.84,0.64,8.98,Saturno,Urano,Tierra
80c20392-b2b5-46bc-98f1-39b2c06041f2,2.36,0.47,21.37,Júpiter,Neptuno,Tierra
0fb01d66-6f0a-4649-9238-1245a22ec777,1.07,0.59,6.15,Marte,Urano,Saturno
de0b2510-ba50-44f8-b078-50718bb1c8ee,1.97,0.68,8.52,Urano,Saturno,Tierra
a6730ab2-32cd-4f64-98c9-a060c10395d5,2.33,0.69,9.79,Tierra,Saturno,Urano
670ed21d-caab-4c0d-a193-c36ee66f0646,2.4,0.42,27.21,Júpiter,Neptuno,Tierra
3caedc96-77bc-477b-b071-5e59be0b33c3,1.48,0.68,6.4,Urano,Saturno,Marte
ace7b4d0-6c90-4e7e-8ad6-bfc91184f6a4,1.32,0.4,16.5,Neptuno,Tierra,Saturno
0445eba1-36af-4790-9bd4-1956cd425345,1.73,0.54,11.87,Neptuno,Tierra,Saturno
d6fd9006-f09a-4075-b14f-2b28f4ae3f12,2.19,0.52,16.2,Neptuno,Tierra,Saturno
318d6c1d-4251-4635-b4c0-4d0802aad798,0.85,0.48,7.38,Urano,Saturno,Tierra
433a8ab9-cb52-4086-ab61-b8563786f2ba,1.73,0.63,8.72,Urano,Saturno,Tierra
7eaea1e2-c8b8-45bd-8daf-f8f8031b778c,1.61,0.66,7.39,Urano,Saturno,Tierra
712a0aa1-10fb-465d-9016-56476a5e598a,1.03,0.66,4.73,Marte,Urano,Saturno
5fe12de7-b243-46f8-b78d-40459fe75462,1.4,0.52,10.36,Tierra,Neptuno,Saturno
680eb575-0eec-470e-9f6c-b0964aded376,1.71,0.47,15.48,Neptuno,Tierra,Saturno
40e15c9c-9f00-4db5-83f4-74b336e92153,1.74,0.55,11.5,Neptuno,Tierra,Saturno
b759f2c2-6608-4533-b1e5-84b7c99b2666,1.9,0.54,13.03,Neptuno,Tierra,Saturno
6b04f273-7f27-47a9-90b0-859690b9a2c4,1.2,0.5,9.6,Tierra,Saturno,Urano
eb3a2223-e897-4b69-8c76-6d2991396880,1.85,0.42,20.98,Júpiter,Neptuno,Tierra
18525643-c6c0-4a8f-a11d-0169ed1f6402,1.5,0.51,11.53,Neptuno,Tierra,Saturno
a1460649-1c49-4738-831b-5cd85b9ace9d,1.14,0.68,4.93,Marte,Urano,Saturno
384f578b-a423-4602-bca3-0da5b6e0dafa,2.09,0.51,16.07,Neptuno,Tierra,Saturno
1ed558cd-1bdd-445f-a03d-232a7fc722cc,1.36,0.43,14.71,Neptuno,Tierra,Saturno
85991ad7-28ad-413a-a535-8701f5cfcc13,1.98,0.61,10.64,Neptuno,Tierra,Saturno
51a30295-e97e-4a74-b5fe-62dbe8dde389,1.18,0.57,7.26,Urano,Saturno,Tierra
9786c5ab-a63d-45a5-be8d-ea1b5fa25c6a,1.76,0.47,15.93,Neptuno,Tierra,Saturno
cc03cfea-1056-4056-a7f4-c6a3e2d640c3,1.06,0.62,5.52,Marte,Urano,Saturno
291b45f6-af10-4c27-be6f-c9a1078d18eb,2.09,0.61,11.23,Neptuno,Tierra,Saturno
df4d1897-419d-408c-8ef5-d4dcf45d64de,2.21,0.67,9.85,Tierra,Saturno,Urano
fdc99b21-a216-4b81-b4d2-79aebbfaa5c7,2.1,0.44,21.69,Júpiter,Neptuno,Tierra
47afb686-db7d-4b3d-b44c-cab4cbe3c150,1.66,0.52,12.28,Neptuno,Tierra,Saturno
3fa2b094-da3a-4425-a773-87b5fb2778e0,2.45,0.58,14.57,Neptuno,Tierra,Saturno
4511a41f-d193-4b6d-87b3-1847384c9dc7,1.56,0.68,6.75,Urano,Saturno,Marte
9b9f4567-9250-4d5f-9869-95c05fd873e2,1.03,0.52,7.62,Urano,Saturno,Tierra
983c9b45-ee4e-4f64-9464-e0d0cb3ba98c,1.4,0.57,8.62,Urano,Saturno,Tierra
65c60188-7af8-466f-9a3c-52db1776f9ae,1.31,0.5,10.48,Neptuno,Tierra,Saturno
c808c904-8c47-4c99-b230-862df22d4892,1.67,0.63,8.42,Urano,Saturno,Tierra
77510d94-f7a6-4b2a-9d84-20d817401c9f,1.56,0.62,8.12,Urano,Saturno,Tierra
9924663f-d5bf-4cf3-9e16-bdbec2e8c0ae,1.52,0.54,10.43,Neptuno,Tierra,Saturno
7ffc2ede-617f-44d4-a7b2-d6629376cd84,1.96,0.41,23.32,Júpiter,Neptuno,Tierra
a127b093-b54d-40e0-9295-91a368336164,1.34,0.63,6.75,Urano,Saturno,Marte
50b73644-dea6-4c19-b445-ea0a816cc2ba,1.67,0.61,8.98,Saturno,Urano,Tierra
68be38f7-55f3-4adf-b2b6-341fba91b112,1.74,0.45,17.19,Neptuno,Tierra,Júpiter
53ab2851-54af-48f8-8219-77dc0a9c7dfb,2.12,0.66,9.73,Tierra,Saturno,Urano
832167a0-2c62-4aef-9004-d43a5b511e0c,1.76,0.67,7.84,Urano,Saturno,Tierra
7752cce3-e399-4dc0-88ab-00e0414dfe1d,2.27,0.69,9.54,Tierra,Saturno,Urano
78ed7c23-47ca-40b8-bf6c-c27a3ea8f537,1.71,0.65,8.09,Urano,Saturno,Tierra
3de2a12a-66bc-43da-b901-5e6590c0a0dd,1.57,0.43,16.98,Neptuno,Tierra,Júpiter
4fe0afbe-52b3-4ffb-9d9b-f31634c35c97,1.8,0.47,16.3,Neptuno,Tierra,Saturno
ef6dfcdc-716a-4071-8772-369a3ad8ac7b,0.96,0.49,8.0,Urano,Saturno,Tierra
0a007c3a-291d-4907-bbfe-2d44a3b6eed0,1.91,0.51,14.69,Neptuno,Tierra,Saturno
d3ee2593-bdc7-46fe-84d2-b6833626762c,1.62,0.42,18.37,Júpiter,Neptuno,Tierra
08c9aad2-1a70-4867-9961-d3ed1c8be770,2.35,0.56,14.99,Neptuno,Tierra,Saturno
bccf11d7-12dd-4b04-b493-dc6e8584337f,1.23,0.51,9.46,Tierra,Saturno,Urano
b919b9d0-1bbf-4b5f-8721-46fbacf1d970,1.6,0.68,6.92,Urano,Saturno,Tierra
1f6b9d21-f1cc-425b-bed4-d88b88e4423c,2.16,0.68,9.34,Saturno,Tierra,Urano
294e2f29-6fd2-47e1-9dc2-b92400fb85be,2.08,0.68,9.0,Saturno,Urano,Tierra
4a226f03-05e9-4b04-8f11-3b963548adcb,1.63,0.66,7.48,Urano,Saturno,Tierra
4c83b0cf-d723-4c16-96f3-96abea3f4c9f,2.19,0.41,26.06,Júpiter,Neptuno,Tierra
8ff1e12f-6601-4752-8c66-14454af13bbd,2.17,0.52,16.05,Neptuno,Tierra,Saturno
e7a3cd26-8176-4514-bb13-15a22c4aa660,2.36,0.43,25.53,Júpiter,Neptuno,Tierra
e52a7ec6-9c9e-4278-9212-d5d67f40c37b,2.21,0.51,16.99,Neptuno,Tierra,Júpiter
221d5595-be43-45dd-9296-0b3f17d7aad1,2.34,0.67,10.43,Neptuno,Tierra,Saturno
fa85106a-dfa0-4c13-8867-a0e3982bb815,1.2,0.67,5.35,Marte,Urano,Saturno
c87f9356-3478-414f-aae0-c9e10bce5c0e,1.19,0.46,11.25,Neptuno,Tierra,Saturno
3d7cf093-e3f1-4385-a989-ac0321b10cd9,1.61,0.64,7.86,Urano,Saturno,Tierra
cef52dad-0704-48a0-b8f9-1bcb8b32047e,1.78,0.62,9.26,Saturno,Tierra,Urano
ec73b665-763c-46c2-96f9-54711651b13f,2.32,0.55,15.34,Neptuno,Tierra,Saturno
e4c04220-6f1a-4ec9-93d5-d80eb6cfd465,1.7,0.61,9.14,Saturno,Urano,Tierra
99bdbac1-c1ea-4d26-ab60-f6e44f3cc9d7,2.03,0.63,10.23,Tierra,Neptuno,Saturno
619da7b9-cc22-4878-ae8c-420723b120cc,2.12,0.51,16.3,Neptuno,Tierra,Saturno
b58217a6-07f1-4ffb-b7ca-a8bd9cbd2dd8,1.8,0.63,9.07,Saturno,Urano,Tierra
400ce3cb-dc4d-4bbc-bffc-af0daedb49b8,1.59,0.53,11.32,Neptuno,Tierra,Saturno
1c512b3d-8cea-4206-8ae6-c5caa02b7fe1,1.55,0.44,16.01,Neptuno,Tierra,Saturno
4fd0c188-e3e6-40fd-a915-66ad7fbddf7d,0.95,0.52,7.03,Urano,Saturno,Tierra
0075bcec-7132-40f7-8d33-a5078babbac7,1.4,0.5,11.2,Neptuno,Tierra,Saturno
bfc5b1ed-dd60-4cc1-a50c-d7af3462f586,1.79,0.41,21.3,Júpiter,Neptuno,Tierra
2c2ed486-fd47-4696-98ab-33719ecee446,2.29,0.68,9.9,Tierra,Saturno,Neptuno
e6f3e346-21b5-4bb1-bb87-6fe51c823f91,1.52,0.57,9.36,Saturno,Tierra,Urano
375e903d-8b39-4162-8232-045dd06c5795,1.96,0.56,12.5,Neptuno,Tierra,Saturno
b0c2450b-d12f-4977-bac2-a2e80ecbed1d,1.61,0.52,11.91,Neptuno,Tierra,Saturno
8582b214-d704-4ecb-aa7c-e384537f6f61,1.02,0.68,4.41,Marte,Urano,Saturno
34adc42b-e80c-4f08-8805-5b318f42bd81,2.4,0.65,11.36,Neptuno,Tierra,Saturno
2008d50b-3fba-4d7b-8e28-e554054d0d99,0.85,0.66,3.9,Marte,Urano,Saturno
58def8c1-218b-4ce1-819f-5cf4e3b80cdc,1.06,0.46,10.02,Tierra,Neptuno,Saturno
5a62f4ba-7386-48e6-8e2e-249d89f78dcc,2.08,0.64,10.16,Tierra,Neptuno,Saturno
8f9b2bee-9d8b-4dc9-a18f-25155ec514de,1.05,0.62,5.46,Marte,Urano,Saturno
f4782a6b-0a72-4362-99db-2646ee326509,1.81,0.46,17.11,Neptuno,Tierra,Júpiter
c1035c6b-28d9-436c-8bcf-ea4dff8458a8,0.96,0.63,4.84,Marte,Urano,Saturno
be7f649e-34a9-4e4e-83a1-504664f134a3,2.27,0.68,9.82,Tierra,Saturno,Urano
fb1f47d6-7d69-4d90-b961-e5c6185f8ae9,1.0,0.66,4.59,Marte,Urano,Saturno
9ce592fd-8506-4b6b-a01f-21ddf43f5db9,1.72,0.43,18.6,Júpiter,Neptuno,Tierra
0c1e580f-cca9-4c91-86c1-08a8a11b9198,1.18,0.53,8.4,Urano,Saturno,Tierra
995b9ae4-246d-4a71-906b-97512c25d0ad,1.2,0.56,7.65,Urano,Saturno,Tierra
d2466bdf-d48e-48b9-b83b-0a530097f928,1.71,0.69,7.18,Urano,Saturno,Tierra
4bce440a-aa8c-4142-83fc-a3f9b3222b3f,1.28,0.69,5.38,Marte,Urano,Saturno
c1b0e7df-6b5a-4727-b481-828d5d6fe117,1.22,0.54,8.37,Urano,Saturno,Tierra
7b3be15b-345f-4391-8e58-9f197c8ed48b,1.66,0.57,10.22,Tierra,Neptuno,Saturno
224a926e-9130-4ab1-a37a-806883b0b0d1,2.37,0.59,13.62,Neptuno,Tierra,Saturno
855598a4-dc0f-487a-9a70-1d4bcd0563d0,2.41,0.56,15.37,Neptuno,Tierra,Saturno
7ec630a5-e174-4366-9d52-294a46d199d6,2.48,0.49,20.66,Júpiter,Neptuno,Tierra
c5404f9c-a83e-4977-b8ef-dd5566dc0eed,2.1,0.44,21.69,Júpiter,Neptuno,Tierra
ff46e663-7118-48f5-8ce0-d9892338a148,2.33,0.42,26.42,Júpiter,Neptuno,Tierra
c8badf35-8d5d-4449-a7cc-b3f1305bc0fa,2.48,0.58,14.74,Neptuno,Tierra,Saturno
f343ebf6-76bd-440e-b5d1-300135107f45,0.82,0.56,5.23,Marte,Urano,Saturno
675360b1-14d2-4785-881d-52c4e848582a,1.48,0.41,17.61,Neptuno,Júpiter,Tierra
bded52a8-9c36-407d-85eb-f047f8114921,1.08,0.55,7.14,Urano,Saturno,Tierra
130e1d49-c78f-4ee3-a842-64efe25fa3c4,0.93,0.41,11.06,Neptuno,Tierra,Saturno
2e793eb7-c5d7-4924-abe7-e2b8cdfdc7c8,1.87,0.45,18.47,Júpiter,Neptuno,Tierra
b8774a6a-7313-403d-8311-0686993a6127,1.69,0.57,10.4,Tierra,Neptuno,Saturno
ed63c18b-c458-4c6f-b9f7-986db15149d1,1.46,0.57,8.99,Saturno,Urano,Tierra
e6b2bffa-bb65-45fa-9b86-eda07e45bf33,1.35,0.66,6.2,Urano,Marte,Saturno
99cd4fa7-5d27-46a4-b26e-a51e51e25aa0,1.1,0.69,4.62,Marte,Urano,Saturno
272932e2-a85c-4b1b-bc0e-e36ac2e61c49,1.15,0.55,7.6,Urano,Saturno,Tierra
e9f0577e-90f7-4502-8021-8200f645c77b,1.09,0.63,5.49,Marte,Urano,Saturno
07b86bb4-b87d-4d17-b3d2-01fbcfb5c77f,1.63,0.62,8.48,Urano,Saturno,Tierra
ab29aad8-09bc-493d-afa3-d01b09471fed,2.21,0.43,23.9,Júpiter,Neptuno,Tierra
9cad286b-0e01-4553-bb88-efd73e3c4aa8,2.2,0.51,16.92,Neptuno,Tierra,Júpiter
40834e16-9ccf-4668-a229-4e89db3a60cb,2.27,0.53,16.16,Neptuno,Tierra,Saturno
b12909f6-db70-4ef9-b61d-e1d9c4c8d1f1,2.42,0.6,13.44,Neptuno,Tierra,Saturno
83d7cfc3-4ed7-46fc-bcdb-52599487ce4a,1.42,0.5,11.36,Neptuno,Tierra,Saturno
e44e5181-94df-4209-9e24-9da592b2ad3a,2.13,0.46,20.13,Júpiter,Neptuno,Tierra
7d863d2e-0520-4f5e-9eb3-704988258d86,1.58,0.48,13.72,Neptuno,Tierra,Saturno
8c016d56-9b98-4480-bbdd-55c6c9bdd3c7,1.76,0.56,11.22,Neptuno,Tierra,Saturno
45a99b7a-bede-4e0a-9688-521d007822db,1.39,0.46,13.14,Neptuno,Tierra,Saturno
2ff82b90-b381-406a-91ad-b2e35b4cc7bb,2.3,0.47,20.82,Júpiter,Neptuno,Tierra
94b8efa9-4ee6-41ab-9306-cb5a3064d43e,2.15,0.7,8.78,Urano,Saturno,Tierra
ea3f42f8-3781-4bfb-b5b1-c4bde14640e2,0.94,0.49,7.83,Urano,Saturno,Tierra
29ff2ea5-0a5c-460e-b49e-65d58129efe8,0.99,0.67,4.41,Marte,Urano,Saturno
16e8a07b-a7b9-421d-a99d-ea0903c88741,1.68,0.43,18.17,Júpiter,Neptuno,Tierra
de72451d-f46b-4293-8c63-ea4f14a805c0,1.34,0.65,6.34,Urano,Marte,Saturno
ac26d44f-4f79-47a9-b003-6dac2c31dacf,0.91,0.69,3.82,Marte,Urano,Saturno
6ea98f3b-4295-493b-ae71-62cbb71bbf41,1.17,0.65,5.54,Marte,Urano,Saturno
d5fcb914-74f2-4c3a-9613-334d9845a915,1.11,0.55,7.34,Urano,Saturno,Tierra
76aca126-2516-4d2a-a4af-7f013a3b22bb,2.37,0.54,16.26,Neptuno,Tierra,Saturno
759035e5-7aa3-4977-907b-40f2229e6212,2.45,0.68,10.6,Neptuno,Tierra,Saturno
0a28a540-bf95-4546-bc23-34adf2786413,2.08,0.62,10.82,Neptuno,Tierra,Saturno
09bab0b8-4be1-49ba-80d6-b167f636cfde,1.36,0.69,5.71,Marte,Urano,Saturno
27b5ffb6-8e5e-4a89-a01e-7d8759c47f54,1.75,0.48,15.19,Neptuno,Tierra,Saturno
db1cdc7a-c125-4327-ab4b-791c18890e78,2.08,0.6,11.56,Neptuno,Tierra,Saturno
096900d0-8376-40be-8238-79c0eab425ce,1.46,0.53,10.4,Tierra,Neptuno,Saturno
15ffefc6-f428-43fc-a1f1-d43afb3d8d0b,2.37,0.54,16.26,Neptuno,Tierra,Saturno
01b76d59-5235-41a2-b56d-fb03d808857e,1.87,0.45,18.47,Júpiter,Neptuno,Tierra
aea6fd7c-240f-4d23-adc7-fe61358b73cd,1.9,0.6,10.56,Neptuno,Tierra,Saturno
c210588f-2bda-4e0c-a429-18e0a5df3f58,1.59,0.56,10.14,Tierra,Neptuno,Saturno
576b8ced-f3f0-4373-b67a-18754e27d8fa,1.56,0.4,19.5,Júpiter,Neptuno,Tierra
13f1ed07-347a-426a-a382-0096f16c9d20,1.81,0.59,10.4,Tierra,Neptuno,Saturno
08d66a27-bf12-4c86-98cd-8ee5c15466e7,2.18,0.64,10.64,Neptuno,Tierra,Saturno
2aeaefe8-10ef-4a16-992f-56e879fca04a,2.3,0.66,10.56,Neptuno,Tierra,Saturno
8553ab06-e2d1-4b7e-9f71-86222ae3492a,1.63,0.43,17.63,Neptuno,Júpiter,Tierra
9e6f0fed-b2bf-4681-9b79-bec8b6dadaad,0.99,0.5,7.92,Urano,Saturno,Tierra
25af94a9-e022-4ca4-99e1-ff94e5a0c001,1.95,0.52,14.42,Neptuno,Tierra,Saturno
0f20fb50-dec0-4628-a98b-f3a8f5a682f1,1.17,0.51,9.0,Saturno,Urano,Tierra
c0d57409-e52a-43f3-81d2-b984f50a8ff2,0.81,0.45,8.0,Urano,Saturno,Tierra
7278d309-84c7-4d0e-bc27-50de7b9367db,1.0,0.5,8.0,Urano,Saturno,Tierra
985d36f3-3aee-47bf-9619-8a2bfda2b9ad,1.52,0.61,8.17,Urano,Saturno,Tierra
34418f8c-6bcc-4a53-8543-9761a0e400e0,1.41,0.54,9.67,Tierra,Saturno,Urano
44e926a8-6b6c-4a0a-84b4-415a2b263772,1.94,0.61,10.43,Neptuno,Tierra,Saturno
fd3c0143-022e-46c7-ab15-b58bd40f24d3,1.21,0.65,5.73,Marte,Urano,Saturno
20c30e72-ad21-4fa4-a39c-5d364877d24c,1.87,0.4,23.37,Júpiter,Neptuno,Tierra
e78ff582-16f2-48c8-9d4c-33975f68d594,1.92,0.64,9.38,Saturno,Tierra,Urano
239302fe-8981-41d8-957c-5cb405e88c6d,1.51,0.44,15.6,Neptuno,Tierra,Saturno
d43d5760-1ca2-49f9-8ff6-ef61b2d15fc9,2.49,0.64,12.16,Neptuno,Tierra,Saturno
a4034a46-595e-4795-80b7-1e802063ae34,1.78,0.49,14.83,Neptuno,Tierra,Saturno
785ccdb9-a8eb-4865-ba34-43640e31920e,1.55,0.58,9.22,Saturno,Urano,Tierra
731750c1-e4ea-41ac-8a70-9c9406043095,2.18,0.57,13.42,Neptuno,Tierra,Saturno
41049ee1-141d-418b-b2c9-20ab3bf0f879,2.48,0.55,16.4,Neptuno,Tierra,Saturno
efe7df95-538e-4154-9040-8e60c969f00a,2.34,0.68,10.12,Tierra,Neptuno,Saturno
987a4082-81c7-4592-b7d0-df26a255f275,1.31,0.53,9.33,Saturno,Tierra,Urano
2686c0b8-10f5-406f-9a84-0a7881cb56a4,1.6,0.63,8.06,Urano,Saturno,Tierra
e91b4e98-0b56-468f-86a8-0af50381f66f,1.96,0.54,13.44,Neptuno,Tierra,Saturno
abf8546c-6034-4f14-8878-d35b5b1d7221,1.61,0.52,11.91,Neptuno,Tierra,Saturno
62dc2bb7-fb2b-4e1a-b0d8-a86f36ec381a,2.03,0.41,24.15,Júpiter,Neptuno,Tierra
38cbdcf2-52e5-4c72-881a-a82d283008eb,0.9,0.49,7.5,Urano,Saturno,Tierra
15368daa-c904-4d7e-9ecb-a0c7b524f666,2.36,0.58,14.03,Neptuno,Tierra,Saturno
f5e38d46-0067-43c4-ab7f-de92c37b4683,0.85,0.58,5.05,Marte,Urano,Saturno
531801c5-fe0c-4933-aeb3-2e55f5d0a7ec,1.28,0.52,9.47,Tierra,Saturno,Urano
2c59a417-92c1-4603-8a9b-65a3112bc123,1.13,0.52,8.36,Urano,Saturno,Tierra
abedf08d-c03a-4b20-9929-28206a294c74,2.07,0.64,10.11,Tierra,Neptuno,Saturno
f20b893c-fcf3-49a2-a978-45803b9d5a6d,1.15,0.47,10.41,Neptuno,Tierra,Saturno
4e4b7416-3b75-46b5-a1cf-0ac08916caef,2.18,0.48,18.92,Júpiter,Neptuno,Tierra
acf8dbed-5a9a-4c13-9415-f7645555397f,2.38,0.47,21.55,Júpiter,Neptuno,Tierra
683fdbe5-0d33-45d7-bc4a-a979c720ad6f,1.48,0.52,10.95,Neptuno,Tierra,Saturno
a25aac81-a39b-49b9-b91e-9f645e5aead9,1.03,0.49,8.58,Urano,Saturno,Tierra
10fd3708-339a-4233-953f-d3e131eb5e5b,1.53,0.52,11.32,Neptuno,Tierra,Saturno
1bb1108b-c36f-42e8-a4c6-352a91137a7b,1.49,0.44,15.39,Neptuno,Tierra,Saturno
412c4ebc-ef11-41ba-92ca-bc79d27523a9,1.48,0.4,18.5,Júpiter,Neptuno,Tierra
9b02cbe9-5d93-4212-9ca6-c13515f7ce17,2.27,0.56,14.48,Neptuno,Tierra,Saturno
ee7d4b5b-d54d-4131-933a-577db1a74c99,1.8,0.7,7.35,Urano,Saturno,Tierra
6aadddc7-b659-4d8e-a7f7-7446ab11c6fe,1.37,0.52,10.13,Tierra,Neptuno,Saturno
0df1b8f9-c61f-4680-ac97-d8d116a6c48d,1.13,0.62,5.88,Marte,Urano,Saturno
bf130e74-cbe9-4e4b-8d5c-271054ac642b,0.97,0.43,10.49,Neptuno,Tierra,Saturno
7914eee6-1270-4557-a98d-e7310afed60a,2.05,0.65,9.7,Tierra,Saturno,Urano
23e852ea-1517-4fe6-9fa6-76ebeccd470a,1.59,0.51,12.23,Neptuno,Tierra,Saturno
cd468fd1-d87d-4972-82b9-f2222e23d307,2.01,0.46,19.0,Júpiter,Neptuno,Tierra
669d2100-e753-4f5f-a313-5f5fb70c6e04,1.56,0.69,6.55,Urano,Saturno,Marte
0585a27b-5651-47c4-bbed-0f8c8568d997,2.33,0.43,25.2,Júpiter,Neptuno,Tierra
552a04d5-593d-48f8-9ab3-8717fa7ed09c,1.72,0.58,10.23,Tierra,Neptuno,Saturno
90ce28a8-4f8b-497e-a703-a027225ce408,1.15,0.4,14.37,Neptuno,Tierra,Saturno
688a01a8-0e13-4964-b033-f6430b3d1bba,1.63,0.54,11.18,Neptuno,Tierra,Saturno
c602c108-d026-4968-b854-52472f365749,1.94,0.53,13.81,Neptuno,Tierra,Saturno
e1f35e48-5b54-4b85-b45f-fafe6f136682,0.97,0.5,7.76,Urano,Saturno,Tierra
089a2d22-dd96-4e17-9962-8cbb7bd63d8e,1.53,0.56,9.76,Tierra,Saturno,Urano
115366bc-1ae6-4ceb-811b-07483f9c4b8a,2.35,0.54,16.12,Neptuno,Tierra,Saturno
990e0d19-bc4d-48a2-bdbc-2c464ebc7d41,1.54,0.52,11.39,Neptuno,Tierra,Saturno
910afcc7-fa35-499c-9e2f-723a9ac8e97b,1.23,0.46,11.63,Neptuno,Tierra,Saturno
bfe57939-ce3d-4a00-9957-543ffcf53e97,1.56,0.45,15.41,Neptuno,Tierra,Saturno
7f110204-378f-4068-9ba7-f1c0454a6a16,2.15,0.49,17.91,Júpiter,Neptuno,Tierra
3329bfdd-da46-426a-b764-8ac895dbbe49,2.29,0.45,22.62,Júpiter,Neptuno,Tierra
9ad4a96a-2d63-40fb-a7d0-3b75043260e3,1.36,0.6,7.56,Urano,Saturno,Tierra
b2e044c5-109b-4b18-8073-987d009993c6,1.62,0.54,11.11,Neptuno,Tierra,Saturno
9f4f03d6-7503-436a-bb13-b5ef55afa1ea,1.84,0.64,8.98,Saturno,Urano,Tierra
49d3bbe8-00a9-4bba-b83f-a1086757f452,1.34,0.64,6.54,Urano,Saturno,Marte
81ada2d8-4135-499d-b75f-35c81b1ad517,1.26,0.66,5.79,Marte,Urano,Saturno
f2f20ce5-5169-4bff-b022-95b61138c072,1.35,0.66,6.2,Urano,Marte,Saturno
6db4d105-de07-496d-ba68-cb3fe7342d64,2.23,0.62,11.6,Neptuno,Tierra,Saturno
349aa9fd-ee4c-437f-8312-aecc83415c7b,2.46,0.43,26.61,Júpiter,Neptuno,Tierra
30a81faf-c82c-49e5-90ef-736960b100c1,0.89,0.7,3.63,Marte,Urano,Saturno
3c3396be-fe5c-4acd-a49c-dbb0c9c900d4,1.19,0.59,6.84,Urano,Saturno,Tierra
7c3b8b1c-0682-4123-adb3-09c961193127,0.91,0.46,8.6,Urano,Saturno,Tierra
0acc1c2b-768c-4e01-b6d3-f35714eb367b,0.97,0.65,4.59,Marte,Urano,Saturno
25fed2fb-ad76-435c-91ba-0284fa5f7547,1.68,0.66,7.71,Urano,Saturno,Tierra
c307c198-446b-4616-8152-b43288beaed4,0.82,0.53,5.84,Marte,Urano,Saturno
9a5eb8e5-f114-4d50-9028-1460545b2d61,1.1,0.68,4.76,Marte,Urano,Saturno
e86a5cbf-b091-41c0-bf4d-046a24fc69f2,1.53,0.57,9.42,Tierra,Saturno,Urano
a18e17ec-c3f7-41b6-95b5-c320a05f99db,1.83,0.55,12.1,Neptuno,Tierra,Saturno
2d2fb036-211f-4b31-a9f5-82de03e959f1,1.83,0.4,22.87,Júpiter,Neptuno,Tierra
393e0f67-e429-4137-b152-e384aabc2297,2.11,0.44,21.8,Júpiter,Neptuno,Tierra
0d01c5d4-1561-4767-8f59-fb585cda9a8a,1.81,0.68,7.83,Urano,Saturno,Tierra
6c35086a-0c79-4b03-ae54-7b92d44f8e33,1.52,0.42,17.23,Neptuno,Tierra,Júpiter
364233e9-ea89-4915-a5ad-9ca275ba0131,1.82,0.64,8.89,Saturno,Urano,Tierra
7b1ae41d-d70a-4f1d-89dc-7a9ce335a914,1.39,0.69,5.84,Marte,Urano,Saturno
ffbd4c84-7b26-44f9-92e1-3ee97ef29d87,2.49,0.51,19.15,Júpiter,Neptuno,Tierra
3e530fac-5a0b-484e-ba5c-f50491ad22b6,0.8,0.47,7.24,Urano,Saturno,Tierra
fc7e39a6-bf71-4469-8eb1-e0b848c9bcb5,1.84,0.64,8.98,Saturno,Urano,Tierra
6023b215-a50f-4009-9618-9337a0940867,1.0,0.56,6.38,Urano,Saturno,Marte
a7d9c44a-fc3b-47a4-9364-3490ccbf36dd,1.45,0.49,12.08,Neptuno,Tierra,Saturno
71dd9e7c-222f-4bb5-850a-11664900ddf7,2.02,0.68,8.74,Urano,Saturno,Tierra
b46bd211-7a0b-4f98-be7b-0227b29ef317,0.91,0.51,7.0,Urano,Saturno,Tierra
63caf324-c819-4d28-8c6b-898bea84376c,2.15,0.52,15.9,Neptuno,Tierra,Saturno
199ecfde-a66d-423e-ab96-f13be3b8ce0d,2.06,0.52,15.24,Neptuno,Tierra,Saturno
c4289742-89ab-4d85-b117-741a55e58ddc,1.52,0.49,12.66,Neptuno,Tierra,Saturno
1848ea6d-e461-4e32-b5ef-df94a4512b7d,1.41,0.48,12.24,Neptuno,Tierra,Saturno
a4aa74ed-430d-48ce-9bed-d1fa5834ff97,1.01,0.5,8.08,Urano,Saturno,Tierra
e9b08993-a141-4bac-a9a1-5f33d211c60e,2.28,0.6,12.67,Neptuno,Tierra,Saturno
9276e611-295f-4a1a-bd08-6b9283143fe8,0.9,0.52,6.66,Urano,Saturno,Marte
9dc3aec6-69a4-45cd-8dbd-4a92bb972658,0.8,0.69,3.36,Marte,Urano,Saturno
76fec5d0-6492-4943-b1c9-a3a963661340,1.33,0.67,5.93,Marte,Urano,Saturno
fce76f5e-b211-45f9-bf74-e5387c3acbc5,1.73,0.45,17.09,Neptuno,Tierra,Júpiter
9325c536-c6f0-468f-9c81-c29758487225,1.35,0.69,5.67,Marte,Urano,Saturno
0f5f8563-2118-4c71-9c96-e7cb5ab91d8b,2.47,0.65,11.69,Neptuno,Tierra,Saturno
e795454d-8e8a-4d57-9596-1af1cab90568,1.24,0.55,8.2,Urano,Saturno,Tierra
5aa5e3b0-e419-46b8-b750-d9e71fc723b5,1.18,0.61,6.34,Urano,Marte,Saturno
42044e95-a918-469f-be1a-765cb88a60d2,2.37,0.65,11.22,Neptuno,Tierra,Saturno
05ea41ed-3207-4829-a105-b181dc4e223a,1.79,0.6,9.94,Tierra,Saturno,Neptuno
b737e809-f062-403b-8612-f0e4a554e099,1.15,0.45,11.36,Neptuno,Tierra,Saturno
988bf0c2-2d66-4259-b340-e224605dd0d7,2.24,0.63,11.29,Neptuno,Tierra,Saturno
45d45970-4c16-48a2-ac95-23f8304d053f,1.62,0.48,14.06,Neptuno,Tierra,Saturno
01ef293f-5601-46a4-a7ac-6222e1319ebd,1.51,0.6,8.39,Urano,Saturno,Tierra
c18bb806-5021-4941-93e2-f6cc96e6e2db,1.64,0.65,7.76,Urano,Saturno,Tierra
8b13a47f-f69c-4815-a70d-aa489a730721,1.42,0.6,7.89,Urano,Saturno,Tierra
245ec145-b1bb-478f-9c27-a8e91aca953a,1.14,0.53,8.12,Urano,Saturno,Tierra
0db36ee6-3d82-4dcc-9f82-4749f177fc32,0.82,0.4,10.25,Tierra,Neptuno,Saturno
c07e6989-c398-4a63-b1ef-a73d1d815fb5,0.92,0.61,4.94,Marte,Urano,Saturno
1e591214-133d-4bdb-b94d-96f95a61d898,0.89,0.44,9.19,Saturno,Urano,Tierra
9a3461a9-aed7-4759-81de-8bf9baa40a19,1.06,0.57,6.53,Urano,Saturno,Marte
b0e34709-3dbb-4918-8dee-6f6d7a181e46,2.01,0.68,8.69,Urano,Saturno,Tierra
9d6755fd-8b5c-4c01-93f4-3bdb5f1a8247,2.28,0.59,13.1,Neptuno,Tierra,Saturno
3c0d1db5-9d11-47e2-a711-86588ca79d80,1.49,0.54,10.22,Tierra,Neptuno,Saturno
4be5d194-4ed2-4af5-9a31-41d3999aff15,1.82,0.54,12.48,Neptuno,Tierra,Saturno
8531eef0-1c0f-43b1-a7a3-b5679067f502,1.24,0.49,10.33,Tierra,Neptuno,Saturno
fab71c93-dbef-4246-91d0-af1c678f0253,1.3,0.63,6.55,Urano,Saturno,Marte
9789c753-bc4c-41f2-8a20-c004f0f89deb,0.89,0.61,4.78,Marte,Urano,Saturno
e33aff28-2a51-4ca6-ab30-95891a644002,1.03,0.44,10.64,Neptuno,Tierra,Saturno
036a8794-7da1-4b3f-ae8f-942087240813,1.89,0.54,12.96,Neptuno,Tierra,Saturno
9cb08338-e105-4b64-bc68-ca5bf672f1ed,0.88,0.61,4.73,Marte,Urano,Saturno
aa6d3891-112f-4a42-8f61-c9bf458209fb,1.56,0.46,14.74,Neptuno,Tierra,Saturno
799116fa-1a9a-4dbe-a681-b9548a7d5d23,2.11,0.59,12.12,Neptuno,Tierra,Saturno
3af7cfdb-a17b-4674-9216-9b46f65ae9ce,1.22,0.48,10.59,Neptuno,Tierra,Saturno
28d9e72a-60c7-4e8a-95f6-eac24a2da27c,1.92,0.47,17.38,Neptuno,Júpiter,Tierra
19fd834f-473b-4bfd-be61-165af2194af3,1.82,0.48,15.8,Neptuno,Tierra,Saturno
c69110f2-5040-4e4b-a913-7165d11431f1,0.83,0.66,3.81,Marte,Urano,Saturno
edb452ff-d21e-4ac2-95e7-34f2637730d4,1.41,0.62,7.34,Urano,Saturno,Tierra
4f6a94b3-88f7-48bb-990c-0fb180a4d56b,1.53,0.57,9.42,Tierra,Saturno,Urano
c1e56795-6935-4d88-85ac-b213e5fbde57,0.91,0.59,5.23,Marte,Urano,Saturno
3dfc59e3-daea-47c7-9174-d212e9e62340,1.48,0.55,9.79,Tierra,Saturno,Urano
49f2b602-a32b-47e4-90c6-dba8d31508e0,2.4,0.68,10.38,Tierra,Neptuno,Saturno
28795344-2835-4f1e-9140-901c6c92a272,1.77,0.4,22.12,Júpiter,Neptuno,Tierra
46fb1507-1a42-4243-932f-b75bad3c5f86,2.09,0.6,11.61,Neptuno,Tierra,Saturno
c7278c4e-b6a6-457e-9b11-f8bece4882e7,2.39,0.62,12.43,Neptuno,Tierra,Saturno
69ae59bf-2299-42d1-b6c6-15c3d8d35632,2.06,0.54,14.13,Neptuno,Tierra,Saturno
cd933e20-2503-4eb0-b7e5-0863392d5e29,1.05,0.49,8.75,Urano,Saturno,Tierra
58df8b65-acf0-470d-8a28-7318a935b527,1.32,0.6,7.33,Urano,Saturno,Tierra
357e4a73-0b46-46cf-b891-c3afdc74ee34,2.14,0.53,15.24,Neptuno,Tierra,Saturno
480b8856-8cfc-4b90-82ff-7a8ee832bda1,2.37,0.57,14.59,Neptuno,Tierra,Saturno
f38c465f-2c65-4945-a4e8-00179a37e353,1.11,0.41,13.21,Neptuno,Tierra,Saturno
11a88f22-640e-4310-9452-9acb25b30393,1.75,0.52,12.94,Neptuno,Tierra,Saturno
d8c4aa2a-88f7-4298-8b06-039fb01d087a,0.93,0.49,7.75,Urano,Saturno,Tierra
8af0430b-c6fb-4925-bc5f-dee6b50a5778,1.45,0.54,9.95,Tierra,Saturno,Neptuno
9c0a6c4f-068e-43f6-a1d6-8d4f5a2797a7,1.84,0.57,11.33,Neptuno,Tierra,Saturno
c9e4598a-19e0-4f7a-9f1c-3937ae16d1b8,1.97,0.66,9.04,Saturno,Urano,Tierra
8dde1027-c965-45b4-acc2-0ecb41ebda5d,2.17,0.62,11.29,Neptuno,Tierra,Saturno
08510d70-2bd8-4047-94fd-3fc85b91bec6,1.29,0.51,9.92,Tierra,Saturno,Neptuno
fd3093c6-177e-4ce0-9ecd-19369113711b,2.1,0.45,20.74,Júpiter,Neptuno,Tierra
5baf0769-39e8-4575-91d9-070e58ae2161,1.64,0.57,10.1,Tierra,Neptuno,Saturno
a8c95148-65a8-48a4-a221-3090bf99507c,2.33,0.4,29.12,Júpiter,Neptuno,Tierra
5c4318c1-0ed5-4bf1-acf3-b5d1e8521e28,1.8,0.41,21.42,Júpiter,Neptuno,Tierra
8dfc2f75-255a-4183-b80f-942b1ef2b7ed,0.87,0.41,10.35,Tierra,Neptuno,Saturno
03418485-280b-4ee6-9eee-4d824b91b915,2.42,0.53,17.23,Neptuno,Tierra,Júpiter
3f84904e-c445-4e5f-bab5-fd4622b0292e,2.29,0.57,14.1,Neptuno,Tierra,Saturno
7e16588e-ca6f-4e84-900b-f64d36695b22,2.46,0.67,10.96,Neptuno,Tierra,Saturno
f608f462-c2fd-415a-9df3-d656ce9de9b8,1.71,0.46,16.16,Neptuno,Tierra,Saturno
70bf53bb-2e02-4a0a-948c-d150340f133b,0.94,0.5,7.52,Urano,Saturno,Tierra
1b612655-148b-4c8b-ab6b-92bbb8c02076,0.96,0.58,5.71,Marte,Urano,Saturno
0eae7132-c8de-417d-8780-38610eeb7809,1.44,0.46,13.61,Neptuno,Tierra,Saturno
0cb461a1-b3d1-4358-b307-89dab75e00b6,1.21,0.61,6.5,Urano,Saturno,Marte
5767c266-2eee-4daf-bce7-01ca1875cf4b,1.71,0.63,8.62,Urano,Saturno,Tierra
64af4e5d-268b-4bdd-a7cf-5cd416c9d20c,1.67,0.42,18.93,Júpiter,Neptuno,Tierra
c078ff2e-249e-4ccb-82e3-9d3814cc04d4,2.14,0.55,14.15,Neptuno,Tierra,Saturno
565e304a-6b63-4771-a4cd-43fef8ed0dcd,2.08,0.65,9.85,Tierra,Saturno,Urano
74668e93-0e19-4a47-9c28-916035583ded,1.62,0.59,9.31,Saturno,Tierra,Urano
c7daba0d-cdde-44be-9c08-74946e57cc3b,2.11,0.7,8.61,Urano,Saturno,Tierra
e80f1aa2-2ca4-435d-8a7f-407c7233c007,1.52,0.67,6.77,Urano,Saturno,Tierra
2ca59e91-7f3e-4a81-a1b9-79033ee03296,2.42,0.6,13.44,Neptuno,Tierra,Saturno
5eaf27e9-08f7-46d7-98e8-7f94945057db,0.94,0.65,4.45,Marte,Urano,Saturno
170b2636-5ce8-4540-b4b0-5e6acfe27b01,1.98,0.55,13.09,Neptuno,Tierra,Saturno
c617be24-461a-484d-b31a-06637d32287c,1.42,0.62,7.39,Urano,Saturno,Tierra
e94ea63a-3534-4c71-be96-4192c7be8482,1.19,0.59,6.84,Urano,Saturno,Tierra
3e89b6c4-884e-4ce4-9069-d1863a80eba4,0.95,0.57,5.85,Marte,Urano,Saturno
f19d7eab-136c-4f0a-8e6c-f1dfced78cec,1.62,0.62,8.43,Urano,Saturno,Tierra
a11c8ff3-0dfd-4c63-bbb4-a280d2e82505,2.47,0.67,11.0,Neptuno,Tierra,Saturno
721b6cf2-9ce9-40a2-b9b0-7bdc11915881,1.01,0.5,8.08,Urano,Saturno,Tierra
8e2074ae-6ff3-40e0-bda8-5e5e9a952d58,1.52,0.53,10.82,Neptuno,Tierra,Saturno
88931e2e-fde4-4ffa-b884-10f8643aece2,1.93,0.5,15.44,Neptuno,Tierra,Saturno
116b8f8e-2418-4123-a6fb-23f872c8feba,1.85,0.48,16.06,Neptuno,Tierra,Saturno
c564dd7b-c4b0-425c-94ff-9ddae6522971,0.98,0.52,7.25,Urano,Saturno,Tierra
07f9e91e-7555-428b-b04f-4e9c1a6aa9f5,1.3,0.64,6.35,Urano,Marte,Saturno
d950a13a-a34a-4402-9f76-20bd5fd42a0e,1.9,0.41,22.61,Júpiter,Neptuno,Tierra
9226d6ae-e0d9-445c-990d-5b95eac61a65,2.07,0.44,21.38,Júpiter,Neptuno,Tierra
1ad972a4-ac6c-4542-9099-9a45320fd010,1.71,0.48,14.84,Neptuno,Tierra,Saturno
7fbd7a19-be41-4ca2-b82a-abefafcd159f,1.23,0.42,13.95,Neptuno,Tierra,Saturno
c94e38b9-baf3-4eea-8b6e-68c7da8e725f,1.44,0.67,6.42,Urano,Saturno,Marte
72149d95-af8a-4a8c-8d82-37eb7ed39d5e,0.91,0.47,8.24,Urano,Saturno,Tierra
0b72e2bb-fed1-451e-a90f-6a568428889d,1.86,0.46,17.58,Neptuno,Júpiter,Tierra
5a5d4d8a-0e6e-43a3-a164-d2b27821ff5d,1.8,0.42,20.41,Júpiter,Neptuno,Tierra
36a2954f-8b94-4cea-acdd-26a1512a7dc7,1.73,0.62,9.0,Saturno,Urano,Tierra
cb9d2a61-6edc-4ab2-9aff-d16250488bdb,0.83,0.61,4.46,Marte,Urano,Saturno
d750d7e5-b004-4644-8863-52770d3120dd,1.22,0.51,9.38,Saturno,Tierra,Urano
e8c2e24f-f849-43c7-aff4-296183ca6a08,2.06,0.65,9.75,Tierra,Saturno,Urano
f329dd2d-ca3d-46d5-9636-5164be23061b,1.82,0.51,13.99,Neptuno,Tierra,Saturno
9ccdd0bd-e3d8-44d3-a0d4-0794ac53f390,2.29,0.48,19.88,Júpiter,Neptuno,Tierra
0c90abdc-9fb1-4d62-8002-be635c82ba1c,2.23,0.51,17.15,Neptuno,Tierra,Júpiter
2cf1834b-9f2a-487b-a5d6-0348c64bf5c4,1.01,0.56,6.44,Urano,Saturno,Marte
786c49e9-0cd0-4573-be70-025d86c70a73,1.31,0.42,14.85,Neptuno,Tierra,Saturno
d88bbde2-954d-4bc5-bd85-978abbd35fd0,2.04,0.46,19.28,Júpiter,Neptuno,Tierra
4b179ca9-4a4f-4e61-9648-1079fea502bf,1.71,0.42,19.39,Júpiter,Neptuno,Tierra
14d3c563-4a14-44c5-8c0f-efa65fa2907b,1.51,0.58,8.98,Saturno,Urano,Tierra
4cd4b46f-8f1f-4367-925c-2f3d273479c0,2.27,0.68,9.82,Tierra,Saturno,Urano
62c17ead-9c8f-47b8-afc7-096c8db16326,1.34,0.5,10.72,Neptuno,Tierra,Saturno
33265761-d750-43c4-b04d-370b33b9c41e,1.43,0.53,10.18,Tierra,Neptuno,Saturno
6fd81b18-eae6-4257-9ceb-b4d4b09c863f,1.57,0.68,6.79,Urano,Saturno,Tierra
e793ae2b-e826-43c0-8169-19d4ff72da3c,1.02,0.55,6.74,Urano,Saturno,Marte
eb6c7245-a813-4a1e-8d62-fad810cd48d7,1.49,0.46,14.08,Neptuno,Tierra,Saturno
9e7fe2d8-5cf1-460d-904f-3f1b8d1fe337,1.37,0.67,6.1,Marte,Urano,Saturno
6e71d95a-0082-4528-b62a-aeab3e89aa42,1.89,0.46,17.86,Neptuno,Júpiter,Tierra
e6737ca7-a164-4e23-9d70-8ea957b98b9e,1.15,0.53,8.19,Urano,Saturno,Tierra
413e9cf7-dc6c-4483-9e50-bf8cd9a9d4b8,1.39,0.52,10.28,Tierra,Neptuno,Saturno
c1e55d65-2e20-4fc1-8abb-3c6d87704ec6,1.32,0.56,8.42,Urano,Saturno,Tierra
171e2657-46e9-4cdd-b7b7-6dc067174eac,0.81,0.42,9.18,Saturno,Urano,Tierra
a7694882-272d-4bc6-b8ae-cf492263b06d,2.13,0.54,14.61,Neptuno,Tierra,Saturno
295173f3-3384-4000-973c-baf46badabd5,1.57,0.45,15.51,Neptuno,Tierra,Saturno
ee8ca057-9dd9-4d92-ba6e-0ba7763ad2d4,1.58,0.61,8.49,Urano,Saturno,Tierra
4e919a8d-033d-44ee-b553-92c7c8b3157a,1.62,0.68,7.01,Urano,Saturno,Tierra
f85c597a-bb1a-41fb-a59b-3b05cfd31f67,1.49,0.47,13.49,Neptuno,Tierra,Saturno
415afd41-c968-4575-957e-6c44fedc161b,1.26,0.45,12.44,Neptuno,Tierra,Saturno
0608db94-f889-4f9b-bd37-9220249304b6,2.38,0.59,13.67,Neptuno,Tierra,Saturno
ca4e0689-ee99-407e-8bf2-434d6a7e87e3,2.13,0.44,22.0,Júpiter,Neptuno,Tierra
8b597a8c-ec85-4120-b2af-b4633f9a5730,1.98,0.69,8.32,Urano,Saturno,Tierra
f75e95ee-6862-4846-b6c5-3db7f2d7f9d9,2.33,0.53,16.59,Neptuno,Tierra,Saturno
0030c94d-39c6-4d69-959c-fd906b23409e,1.11,0.52,8.21,Urano,Saturno,Tierra
e4e6e210-3eb6-454e-9e6d-e527d5398dbf,1.54,0.59,8.85,Saturno,Urano,Tierra
94cb74c7-0d1c-484b-91fc-c0f096845320,1.55,0.51,11.92,Neptuno,Tierra,Saturno
51fdfe1a-2423-4a02-bfb2-f1adc40886d5,2.18,0.48,18.92,Júpiter,Neptuno,Tierra
b1d3678e-3a00-49b5-a009-2097c4aaf52e,0.82,0.6,4.56,Marte,Urano,Saturno
ee0d4b17-535c-4bbd-a6f1-d45fdbee6042,0.91,0.48,7.9,Urano,Saturno,Tierra
3edd8b01-1f5d-4b8b-b6ea-cf4a6a02cedf,2.19,0.7,8.94,Saturno,Urano,Tierra
1f7e8acc-82b5-4454-8e5d-cc5dacb253cc,1.56,0.45,15.41,Neptuno,Tierra,Saturno
7f142efd-20d8-4366-9018-aefc682092d0,0.92,0.62,4.79,Marte,Urano,Saturno
ce6eae48-0112-440c-857b-7297df490e43,1.45,0.4,18.12,Júpiter,Neptuno,Tierra
0f1d20a8-3a1a-40f5-807d-dd65f4d84d0b,1.75,0.61,9.41,Tierra,Saturno,Urano
23caea5b-0e9f-45f8-8b5b-cacf49e1b82b,1.53,0.51,11.76,Neptuno,Tierra,Saturno
45662a8c-6bc5-416b-adca-fa3bf9f37322,1.71,0.49,14.24,Neptuno,Tierra,Saturno
e1226875-9218-4633-a05f-1fb2e15590d4,1.37,0.58,8.15,Urano,Saturno,Tierra
a21d16a4-696f-437e-9c97-fce4f44b5e8f,1.4,0.46,13.23,Neptuno,Tierra,Saturno
98308437-5518-4824-bfab-8737a2e5c545,2.0,0.48,17.36,Neptuno,Júpiter,Tierra
0183bf42-ec9b-4c23-8e31-04b8b4b6b9f3,2.03,0.58,12.07,Neptuno,Tierra,Saturno
4534ea33-4f17-4a02-9d71-ed972c95bd29,1.22,0.59,7.01,Urano,Saturno,Tierra
93bed967-de81-4172-bec8-0ffe1b6632d3,2.31,0.43,24.99,Júpiter,Neptuno,Tierra
3d8f9dc4-7d92-4b38-950c-2b49fddf6095,2.07,0.59,11.89,Neptuno,Tierra,Saturno
d8ff9324-7725-46b3-8517-256d655ca61c,2.31,0.56,14.73,Neptuno,Tierra,Saturno
dcb8b0ad-ccef-4763-9d54-79011c047430,1.81,0.59,10.4,Tierra,Neptuno,Saturno
63d92d2c-c3e7-4ba2-9c40-564e0553189e,2.47,0.56,15.75,Neptuno,Tierra,Saturno
025dded2-e303-4c35-8f7d-fb0255a30c09,0.92,0.4,11.5,Neptuno,Tierra,Saturno
3ef45689-8196-485d-aed3-ee0bcc556fe5,2.27,0.62,11.81,Neptuno,Tierra,Saturno
a5ab7c4b-e0ea-4bf8-8333-eb774dc23f2d,2.08,0.55,13.75,Neptuno,Tierra,Saturno
f264f9d8-850d-4403-b95d-54db2fe99e7d,0.84,0.41,9.99,Tierra,Saturno,Neptuno
c3e9d754-b71b-427b-aa7b-5456242be15d,2.08,0.69,8.74,Urano,Saturno,Tierra
b877d54a-e625-4853-93b5-1fbb56a850c1,1.22,0.45,12.05,Neptuno,Tierra,Saturno
95a8fa44-a371-4ba1-9dc2-1fa1fbc6fe4b,1.37,0.43,14.82,Neptuno,Tierra,Saturno
9e706e8a-6373-4fe8-b92f-669f1835545d,0.8,0.59,4.6,Marte,Urano,Saturno
aeed9a30-90f3-430c-b3d4-fdafd0e8a51b,0.99,0.4,12.37,Neptuno,Tierra,Saturno
2a1e36b8-500e-4968-8011-250a4a34aad6,1.19,0.67,5.3,Marte,Urano,Saturno
b28766a4-f745-4584-bc6e-5769ca709044,1.72,0.66,7.9,Urano,Saturno,Tierra
c3a08fdd-0ca5-4375-a86b-650055fdb5bd,2.16,0.61,11.61,Neptuno,Tierra,Saturno
d3ad9ad9-7aa0-4c50-8836-b23f50279f4e,1.29,0.62,6.71,Urano,Saturno,Marte
69b2da4b-b130-422a-928d-4adcf014a7cb,1.28,0.42,14.51,Neptuno,Tierra,Saturno
d861b5c4-a36b-4cef-a7fd-2cff9d8b9d7f,2.21,0.56,14.09,Neptuno,Tierra,Saturno
c9280e5d-b501-4d07-bf0e-17d44e6a1784,1.22,0.51,9.38,Saturno,Tierra,Urano
69ad3aec-8da8-42e0-91c1-58a6a310315e,1.99,0.51,15.3,Neptuno,Tierra,Saturno
a5150e35-032b-4456-ae63-32c9ab7e677c,1.09,0.45,10.77,Neptuno,Tierra,Saturno
80706eed-f52b-424c-93c7-8203f52c27df,1.11,0.69,4.66,Marte,Urano,Saturno
4a1a69df-d072-4c48-a8cd-2d04a3896acd,2.04,0.65,9.66,Tierra,Saturno,Urano
46a4f9fb-a913-43ee-a964-329817509faa,1.81,0.7,7.39,Urano,Saturno,Tierra
223e65c8-1224-4863-a122-84724de9c571,1.78,0.5,14.24,Neptuno,Tierra,Saturno
963c629f-f009-408c-8246-9042ab24a6c4,2.13,0.61,11.45,Neptuno,Tierra,Saturno
cebc0717-18c5-4d57-aead-67659d7d7c54,0.95,0.53,6.76,Urano,Saturno,Tierra
68d44ad3-c5fe-4af9-9a71-a701cb2bf966,1.39,0.51,10.69,Neptuno,Tierra,Saturno
54d40a8c-98c7-4309-b671-0b2a25feabf0,2.22,0.65,10.51,Neptuno,Tierra,Saturno
2d6adec8-2b54-4c39-8fdd-c62322e8a089,0.96,0.7,3.92,Marte,Urano,Saturno
3b374233-a952-4c47-b4ee-03ca87f8808f,1.56,0.57,9.6,Tierra,Saturno,Urano
b6d48b28-7897-4e26-a910-d7dbda81668b,0.87,0.41,10.35,Tierra,Neptuno,Saturno
6823ca5e-0127-4a54-ae4c-a927216a53a1,0.94,0.46,8.88,Saturno,Urano,Tierra
28f090d7-39e1-48a2-bf8c-891ec773a50b,2.39,0.56,15.24,Neptuno,Tierra,Saturno
359cfed4-20f9-4deb-aff5-2ce0f0385d8c,2.35,0.4,29.37,Júpiter,Neptuno,Tierra
c6843176-c744-45f1-a4fa-fcaa3ff16d5c,2.24,0.69,9.41,Tierra,Saturno,Urano
78b51748-cf05-4876-a45a-f99c23e12ae1,1.18,0.65,5.59,Marte,Urano,Saturno
32190ee4-057d-43cf-9dad-8daa7541c48f,2.31,0.6,12.83,Neptuno,Tierra,Saturno
40320780-e5e3-477a-b87f-e858bf6608b5,2.45,0.61,13.17,Neptuno,Tierra,Saturno
732a813c-887f-43a3-aaa8-d7c42d70da9f,1.45,0.64,7.08,Urano,Saturno,Tierra
dbff692f-8bf8-436f-903c-ce8f41428668,0.83,0.49,6.91,Urano,Saturno,Tierra
e61cdaab-e908-434e-bf93-5a7382fb3d97,2.37,0.61,12.74,Neptuno,Tierra,Saturno
cb9b51eb-a2d6-466f-83bc-da7bc62a9e8e,1.94,0.49,16.16,Neptuno,Tierra,Saturno
018ba4e0-7556-4315-8ea4-dcabcf1feabb,1.98,0.45,19.56,Júpiter,Neptuno,Tierra
ba8e8c5f-2114-4d7b-9f54-c02cc14b79f7,1.71,0.51,13.15,Neptuno,Tierra,Saturno
cc502f7f-2152-4239-9382-c450b284f6da,2.09,0.46,19.75,Júpiter,Neptuno,Tierra
2af71e4a-29a1-4df1-a809-d2a8ca127fb9,2.35,0.42,26.64,Júpiter,Neptuno,Tierra
0a27186b-a8f0-48f0-a421-ff8001d0cdb7,2.44,0.48,21.18,Júpiter,Neptuno,Tierra
ba942187-161f-45c5-8a05-9e6ffedd21e3,1.95,0.45,19.26,Júpiter,Neptuno,Tierra
10d27d28-57e7-4405-842c-bd8030257440,1.16,0.44,11.98,Neptuno,Tierra,Saturno
77d374ff-e593-4686-a9f9-520d40d27cdd,1.94,0.47,17.56,Neptuno,Júpiter,Tierra
3baca131-3328-4f8a-a852-76a667f9862e,0.95,0.66,4.36,Marte,Urano,Saturno
0017d92d-e8d1-4851-b1a0-a86d8d533b16,1.92,0.65,9.09,Saturno,Urano,Tierra
8819ee3d-dde2-48b7-8e5a-355aa0df352c,1.15,0.43,12.44,Neptuno,Tierra,Saturno
27a2d936-02bf-4455-b852-f3885c3790e9,1.67,0.5,13.36,Neptuno,Tierra,Saturno
3225da7c-1024-41d3-bd3a-d911cde47ac4,0.99,0.53,7.05,Urano,Saturno,Tierra
edf8d46b-4d01-4501-8bf7-2f82079cc4b9,1.61,0.69,6.76,Urano,Saturno,Tierra
c7855b4a-8873-4e3e-9a87-49da92a713f9,0.95,0.43,10.28,Tierra,Neptuno,Saturno
1966164b-d344-4bb3-a8db-8191ba46d3b1,0.93,0.67,4.14,Marte,Urano,Saturno
1a7815d9-1cfa-4c56-8935-300ef859f7f3,1.33,0.56,8.48,Urano,Saturno,Tierra
c0ca27e7-e097-40a5-abd4-3a1622385651,2.37,0.45,23.41,Júpiter,Neptuno,Tierra
7c68e80a-dc44-432d-99ae-1f5d23a4c5a3,2.43,0.61,13.06,Neptuno,Tierra,Saturno
38da51e6-d199-407a-93f0-a310e0b2aed2,1.76,0.5,14.08,Neptuno,Tierra,Saturno
7bee9ac4-b3eb-4a13-8674-f1ff23a7a453,2.1,0.61,11.29,Neptuno,Tierra,Saturno
7cf106a6-125d-45bc-a619-3f114f495d47,1.16,0.66,5.33,Marte,Urano,Saturno
e8795fac-23e2-44c5-9c06-28e0e1dbef35,2.29,0.55,15.14,Neptuno,Tierra,Saturno
122dd187-c5b6-4d1d-bc38-5a544ac09354,1.48,0.51,11.38,Neptuno,Tierra,Saturno
a4c170de-ef2c-44d1-b714-1477125441ef,2.38,0.49,19.83,Júpiter,Neptuno,Tierra
ab22c4c6-78eb-4341-bc0b-dcc96e429f96,1.51,0.64,7.37,Urano,Saturno,Tierra
cb5b86ad-b6ee-434e-8468-497d0facad55,1.84,0.42,20.86,Júpiter,Neptuno,Tierra
6f764a06-0c81-4d6a-bb35-af452afe4bf4,1.15,0.6,6.39,Urano,Saturno,Marte
058d319d-8a43-40a9-acbd-df1fae16ed56,1.08,0.6,6.0,Marte,Urano,Saturno
16592f73-e741-42ed-a7fc-7098e3d6c3c3,0.81,0.49,6.75,Urano,Saturno,Marte
23aa34a8-8a43-41e1-9b45-93f42610c442,2.21,0.58,13.14,Neptuno,Tierra,Saturno
13f28c98-17e3-401f-935c-b15457d3e3a7,0.84,0.44,8.68,Urano,Saturno,Tierra
7a1be367-4e22-4407-a748-af2a85727ac2,2.09,0.59,12.01,Neptuno,Tierra,Saturno
46219dff-d8b0-444c-9a93-d9bab29ccc57,1.68,0.57,10.34,Tierra,Neptuno,Saturno
b6c6b572-79fe-404a-978a-f897811742a1,1.81,0.65,8.57,Urano,Saturno,Tierra
a6d55056-8d5b-449a-9be3-8f1305390ebe,0.94,0.49,7.83,Urano,Saturno,Tierra
f46bf073-e3b5-4ba4-bcb8-4b094a9d6968,1.73,0.49,14.41,Neptuno,Tierra,Saturno
6a2f316e-1875-4dda-ae5d-091a522630f7,1.94,0.68,8.39,Urano,Saturno,Tierra
946b912b-4ca1-46ce-84bf-9730edaa074e,2.28,0.53,16.23,Neptuno,Tierra,Saturno
cd683fc9-d593-4bc7-bdae-c311ea47c261,0.97,0.52,7.17,Urano,Saturno,Tierra
30da3125-a1aa-460b-b995-4c6ffa1cb312,1.74,0.47,15.75,Neptuno,Tierra,Saturno
c087a12c-b95e-4d8c-bf69-a9c2b7f5aebb,1.84,0.56,11.73,Neptuno,Tierra,Saturno
0aaad43c-d26c-4b58-9a2f-a908eb488baa,0.81,0.56,5.17,Marte,Urano,Saturno
31763d7a-251a-49fb-80cc-0f77f745456e,1.59,0.52,11.76,Neptuno,Tierra,Saturno
65e52b29-ea33-4de1-8ebb-97332e0f4a04,1.49,0.66,6.84,Urano,Saturno,Tierra
eb986cea-1b44-4576-93ff-23304b7344d2,1.15,0.63,5.79,Marte,Urano,Saturno
e8787876-9b62-449d-8251-4207448de60d,1.25,0.49,10.41,Neptuno,Tierra,Saturno
fcf3faf3-9cec-461c-a6f4-42afa2775805,1.59,0.41,18.92,Júpiter,Neptuno,Tierra
3eeea960-ea29-4c9a-adde-fbf0a74b9a6c,2.17,0.63,10.93,Neptuno,Tierra,Saturno
e0b0e10b-6a4c-44d5-8538-18d6a00628a7,1.44,0.46,13.61,Neptuno,Tierra,Saturno
79cd8591-50d4-4469-ae4f-2f021813a340,2.26,0.6,12.56,Neptuno,Tierra,Saturno
0db0016a-994f-434f-a9f1-67cd5b0912fa,1.25,0.47,11.32,Neptuno,Tierra,Saturno
0836ec0e-2a5f-4881-95dd-a5c0bc9e3a0b,2.09,0.67,9.31,Saturno,Tierra,Urano
c1af2065-ce85-4597-bdc0-c8e98396027a,1.02,0.5,8.16,Urano,Saturno,Tierra
1f8ed0fd-bddb-4a94-801b-d1c77ca8fe18,2.0,0.57,12.31,Neptuno,Tierra,Saturno
b29b7a57-b1de-47e7-9a2b-f764b7b35875,1.74,0.69,7.31,Urano,Saturno,Tierra
8ad33f8a-51b5-43e8-92fa-7b53da9dd6b6,1.8,0.5,14.4,Neptuno,Tierra,Saturno
b5e9347c-c2db-4dc7-bcfb-21e21f39b0cf,1.33,0.43,14.39,Neptuno,Tierra,Saturno
0e3d793b-4a30-4df7-9808-f269b0b4b661,1.65,0.48,14.32,Neptuno,Tierra,Saturno
4e3c4116-b455-4184-afe3-3f52d70cd371,1.37,0.66,6.29,Urano,Marte,Saturno
796c0610-1b42-4fe4-a1de-ae2c877c8a92,1.35,0.44,13.95,Neptuno,Tierra,Saturno
5b41c430-eda3-4cd2-a0f9-be902dd16c0b,1.56,0.67,6.95,Urano,Saturno,Tierra
ea4d479a-3e85-4435-9904-0da9d3caac52,1.21,0.59,6.95,Urano,Saturno,Tierra
fbef4a19-4d1f-4368-b095-63748f87ad5e,1.1,0.47,9.96,Tierra,Saturno,Neptuno
1b8057e7-45f4-4231-a3cb-4d0bb5b9228d,2.28,0.57,14.04,Neptuno,Tierra,Saturno
18143ca5-6df2-4cda-beb3-f02bc3a903a9,1.35,0.57,8.31,Urano,Saturno,Tierra
3dd12247-358f-48f9-b64d-7127aa4b6b80,1.25,0.69,5.25,Marte,Urano,Saturno
13d0a7cb-0d43-4812-97e3-08d474407d7c,1.23,0.45,12.15,Neptuno,Tierra,Saturno
e0667fe6-b47d-4821-b0d1-574c014dcc33,1.32,0.47,11.95,Neptuno,Tierra,Saturno
da89f4f5-a292-452e-816a-2a304de16a5b,2.46,0.54,16.87,Neptuno,Tierra,Saturno
21abf335-ed74-41a3-b13b-b92f1dfc185b,2.37,0.4,29.62,Júpiter,Neptuno,Tierra
a5ce64f6-a91c-4288-a0d3-a90f444cf674,1.93,0.48,16.75,Neptuno,Tierra,Saturno
6a8b0b3f-a30b-4e9e-83c7-c31e6d0ad9a2,1.86,0.45,18.37,Júpiter,Neptuno,Tierra
89c7f8eb-6649-4f01-9fe9-4ed3081df1c8,1.96,0.49,16.33,Neptuno,Tierra,Saturno
ae9dec1d-be5f-41b5-aa80-729e8278800a,2.46,0.65,11.64,Neptuno,Tierra,Saturno
4a60ce5d-3460-402f-a74a-9c03e9fe2347,0.86,0.44,8.88,Saturno,Urano,Tierra
be947f27-a29c-43f1-9e6c-570a9c5c6972,2.35,0.45,23.21,Júpiter,Neptuno,Tierra
de8a068e-5b38-4192-b3bf-aede51d11192,1.57,0.46,14.84,Neptuno,Tierra,Saturno
39b6df5f-5388-4d9b-af8c-984c6b2bf0c4,2.07,0.58,12.31,Neptuno,Tierra,Saturno
9cc7b675-7e84-444e-93a3-8a2137b11bb7,2.06,0.62,10.72,Neptuno,Tierra,Saturno
3fba3999-2524-4619-9fac-6e57053e3419,2.09,0.4,26.12,Júpiter,Neptuno,Tierra
5fde954c-ef2c-41ab-918b-5455ff345497,1.67,0.4,20.87,Júpiter,Neptuno,Tierra
991249c0-638e-466c-947b-d25f29ce8da7,1.87,0.63,9.42,Tierra,Saturno,Urano
3345d885-c36c-4545-9dd6-dc8f65cf4925,2.06,0.45,20.35,Júpiter,Neptuno,Tierra
9762056f-c6a5-4561-b1fe-f94cd9dd84a2,1.28,0.59,7.35,Urano,Saturno,Tierra
6542244d-4edc-43b3-a53b-ba4cd7986301,1.16,0.63,5.85,Marte,Urano,Saturno
8e1f7cc8-d32b-42fb-9550-11707a9bf4c8,1.34,0.67,5.97,Marte,Urano,Saturno
ff19610a-7b8d-4857-b379-ad711fc7fe6c,1.85,0.63,9.32,Saturno,Tierra,Urano
a0c591e6-602f-466d-9836-71bdc2ba3029,1.35,0.55,8.93,Saturno,Urano,Tierra
ba04ddcf-94ff-451c-8542-da4336602496,1.36,0.41,16.18,Neptuno,Tierra,Saturno
11357f42-4355-4766-81f2-2bf0b749531d,1.14,0.44,11.78,Neptuno,Tierra,Saturno
e87c5b10-393c-4e21-9bb6-8d98394f1742,1.26,0.56,8.04,Urano,Saturno,Tierra
184c103e-3c53-4be2-8e08-fda8e95fff76,1.75,0.63,8.82,Urano,Saturno,Tierra
d72b04c5-8959-4bdf-ad55-60d9eab6f278,0.98,0.66,4.5,Marte,Urano,Saturno
a9d82d52-0761-4aa0-b94b-456dff66d10a,0.8,0.53,5.7,Marte,Urano,Saturno
fe06c95a-5824-42cb-999b-2a4fc2871870,2.39,0.54,16.39,Neptuno,Tierra,Saturno
4ef0fd2b-9b22-4360-a662-e63eb1ddbf6d,1.77,0.57,10.9,Neptuno,Tierra,Saturno
b4295c19-2e4a-4ab5-b210-9976a4210741,1.44,0.49,12.0,Neptuno,Tierra,Saturno
7d332492-4633-4882-ad92-c78a594b167b,1.9,0.6,10.56,Neptuno,Tierra,Saturno
64b665e2-9699-4ceb-86e5-855431dee68c,1.37,0.56,8.74,Urano,Saturno,Tierra
000931e9-70a8-4a0d-b24c-4a1202376de5,1.72,0.46,16.26,Neptuno,Tierra,Saturno
cff9bd78-b463-4bd4-8159-de93d4e1f858,2.22,0.52,16.42,Neptuno,Tierra,Saturno
f3ecde8b-6669-45bf-8a55-2316f8650d3b,0.99,0.66,4.55,Marte,Urano,Saturno
2f664fe1-7538-4218-8db1-9ad02b11ca6a,1.87,0.57,11.51,Neptuno,Tierra,Saturno
31654cc8-0a11-4b16-b5d9-cff751687a4d,1.7,0.62,8.84,Urano,Saturno,Tierra
dcaee38d-78fa-404f-9c3a-ad1a3c9bcf45,1.69,0.56,10.78,Neptuno,Tierra,Saturno
a114acc6-7d3b-467e-b945-3c0dc8291c49,1.24,0.6,6.89,Urano,Saturno,Tierra
01e35af7-2291-4497-ae67-135e520950fa,1.02,0.66,4.68,Marte,Urano,Saturno
c48f8ea9-b64b-4700-b226-0aed7a3c6f59,1.46,0.52,10.8,Neptuno,Tierra,Saturno
dbfdce66-df82-4bbb-881c-a79ad4c0431d,1.89,0.4,23.62,Júpiter,Neptuno,Tierra
514c3aad-aed5-4ecd-af5a-8d8aaf2239f4,1.14,0.48,9.9,Tierra,Saturno,Neptuno
492965eb-ffdb-462c-ba78-39dc50e13996,1.44,0.68,6.23,Urano,Marte,Saturno
e3d622c8-bb9d-4885-86b2-4512ed78287c,1.19,0.53,8.47,Urano,Saturno,Tierra
90a013b8-9e50-4ce7-b5f6-668c56f1e045,2.37,0.5,18.96,Júpiter,Neptuno,Tierra
a2709bfc-6dfd-4178-9a87-d8b5324e1865,2.12,0.4,26.5,Júpiter,Neptuno,Tierra
14471753-18a5-42f0-ac82-b87fc1ea5c77,2.17,0.66,9.96,Tierra,Saturno,Neptuno
c5efdd07-39a6-47db-8541-42fbb742c054,2.07,0.59,11.89,Neptuno,Tierra,Saturno
27389896-0001-49d1-a6b0-35cdbdf5f370,0.98,0.45,9.68,Tierra,Saturno,Urano
dee0f152-858b-441b-ad3e-05949921f4b2,1.84,0.57,11.33,Neptuno,Tierra,Saturno
8c7d6c4b-ba5f-417e-8d1b-427262165a62,1.98,0.52,14.64,Neptuno,Tierra,Saturno
19328693-235a-4663-9aaa-e952439d359b,1.39,0.58,8.26,Urano,Saturno,Tierra
aa8e553d-9dcb-4b57-aa1d-f8ef1ec1672b,2.21,0.63,11.14,Neptuno,Tierra,Saturno
ff45c3eb-9e2c-4e75-9967-5d01f1fccbd0,1.44,0.49,12.0,Neptuno,Tierra,Saturno
6e0c5b3f-55b6-4955-943c-e346e675f443,1.88,0.58,11.18,Neptuno,Tierra,Saturno
a5298dc7-1279-4aed-8309-e151b2e2f0f0,1.88,0.68,8.13,Urano,Saturno,Tierra
ebc526be-bcbe-4b0f-a590-522fd9909e1b,1.23,0.55,8.13,Urano,Saturno,Tierra
3052f3d1-1741-43c5-bd90-f6cdf9832cb3,2.33,0.5,18.64,Júpiter,Neptuno,Tierra
04ac522f-af44-4254-a323-af1845d8471a,1.86,0.47,16.84,Neptuno,Tierra,Saturno
ea5bc411-78e9-4d6f-abff-5a05e32ccd69,1.67,0.42,18.93,Júpiter,Neptuno,Tierra
086f099a-b22c-418c-9657-7833b7c67ce1,1.73,0.68,7.48,Urano,Saturno,Tierra
4a1f60d5-0aea-4cce-a741-b8196b886c02,1.9,0.6,10.56,Neptuno,Tierra,Saturno
0c087277-855e-4d26-8801-50881dd86e83,1.47,0.66,6.75,Urano,Saturno,Marte
7d113f30-a1d7-4533-ab4b-d2e92e52f8e7,1.02,0.5,8.16,Urano,Saturno,Tierra
f97013f0-4912-4d7e-9e1b-96d7a05c5d27,2.32,0.42,26.3,Júpiter,Neptuno,Tierra
d53182dc-4384-4af5-b4f1-092a558860aa,1.53,0.43,16.55,Neptuno,Tierra,Saturno
26764f79-6a3d-4251-ac16-93562ab77f59,1.08,0.65,5.11,Marte,Urano,Saturno
e6a2c73b-d37c-407b-88e7-5583453b93a7,0.82,0.58,4.88,Marte,Urano,Saturno
6f9d17fb-1c6e-460f-b54c-94f61f44c9b9,2.28,0.51,17.53,Neptuno,Júpiter,Tierra
b8a5b1f1-21dc-4d44-875b-3471e7fbf029,2.49,0.7,10.16,Tierra,Neptuno,Saturno
e0d1e4b4-1ce7-4ba8-9b87-fc5dee467337,2.25,0.68,9.73,Tierra,Saturno,Urano
7b7429c6-da4e-4334-a5cf-5de7c974a960,1.75,0.43,18.93,Júpiter,Neptuno,Tierra
e30dc3b4-5a2e-45a0-9ce5-d82404bb72c6,1.37,0.52,10.13,Tierra,Neptuno,Saturno
cf5bf540-053b-421a-8d5f-29251fd8131e,1.62,0.52,11.98,Neptuno,Tierra,Saturno
1950aa55-de63-4328-814e-a1ab4d811c7c,0.83,0.67,3.7,Marte,Urano,Saturno
2ef97a04-94e1-48b3-b0a9-4f161b316125,2.33,0.4,29.12,Júpiter,Neptuno,Tierra
e38b1b0e-8c21-4774-a903-ac682a05096b,1.09,0.61,5.86,Marte,Urano,Saturno
1baafd2d-e23e-4e74-8753-a61aea81a78d,1.72,0.42,19.5,Júpiter,Neptuno,Tierra
fc97bf64-26a7-47bf-87bb-3cbea81df745,1.34,0.49,11.16,Neptuno,Tierra,Saturno
27bb7983-d05b-40b2-bd09-c875fb4eba6c,2.1,0.65,9.94,Tierra,Saturno,Neptuno
2c497ae8-8e0d-485c-9729-e46eebed8414,2.44,0.49,20.32,Júpiter,Neptuno,Tierra
2cc37a1c-466f-4925-88f3-16fd65165aa0,1.68,0.49,13.99,Neptuno,Tierra,Saturno
50f8d187-84e7-4992-a652-7d6d2e95b279,1.28,0.57,7.88,Urano,Saturno,Tierra
384f0f5c-fe4c-4a33-bea6-66b52e2bcddd,1.01,0.57,6.22,Urano,Marte,Saturno
ed592682-6336-48fb-925d-d8fe207ea2f9,2.37,0.6,13.17,Neptuno,Tierra,Saturno
eb6af938-fb1e-4742-8072-f9f4ab247830,1.83,0.5,14.64,Neptuno,Tierra,Saturno
11798a52-19e8-482b-bc29-08a0a6439d34,1.54,0.47,13.94,Neptuno,Tierra,Saturno
17218532-803c-4b48-b2b8-0ac3c1524ef1,1.64,0.59,9.42,Tierra,Saturno,Urano
52c5882c-7544-458d-9a77-b7a5f76d91af,2.03,0.5,16.24,Neptuno,Tierra,Saturno
a9eb5286-8f1c-4efd-9cd6-a8c6728b7b76,1.65,0.46,15.6,Neptuno,Tierra,Saturno
d2abc225-17e5-457b-93ad-d7423a13e3d2,1.45,0.51,11.15,Neptuno,Tierra,Saturno
f009c83f-3687-4c68-a451-26242e368c3c,1.27,0.6,7.06,Urano,Saturno,Tierra
738b50e5-f4fa-47f7-96ee-8c88c3881d94,0.9,0.43,9.73,Tierra,Saturno,Urano
faf23ecb-fc58-423e-b794-6e6adff92e26,0.86,0.48,7.47,Urano,Saturno,Tierra
b47407c4-4ca0-46a7-ac30-8d4d9a604174,1.61,0.58,9.57,Tierra,Saturno,Urano
a757c4a2-2d6b-42b8-9b0d-43507537ea1a,1.82,0.51,13.99,Neptuno,Tierra,Saturno
4de65a50-cfa1-4dbf-961a-5f667e5897f9,2.22,0.57,13.67,Neptuno,Tierra,Saturno
803f5d88-4d9f-4123-8388-c29e2c889cd9,1.03,0.55,6.81,Urano,Saturno,Tierra
832464f9-31c7-4a29-9bf1-98309b6b4601,2.29,0.66,10.51,Neptuno,Tierra,Saturno
12cb20bf-9b26-4752-a532-7bb22b9fae03,1.12,0.55,7.4,Urano,Saturno,Tierra
be2e15da-469a-4c18-bfa2-bfa3ea015808,2.36,0.48,20.49,Júpiter,Neptuno,Tierra
83d70293-c687-4eed-9d9b-6284817b80d2,1.76,0.68,7.61,Urano,Saturno,Tierra
04ddd088-8598-4bc6-bc15-52336b2948cd,2.05,0.68,8.87,Saturno,Urano,Tierra
d2be36cd-212a-426b-b66a-84f777d7fa02,1.63,0.58,9.69,Tierra,Saturno,Urano
6fca2493-f5b0-4af3-957f-98ad815c9e04,1.9,0.6,10.56,Neptuno,Tierra,Saturno
8c325240-49af-49f2-9ca9-a4acfc37973e,1.27,0.51,9.77,Tierra,Saturno,Urano
aa1392be-07bc-49a4-a66a-23eda9d71658,2.36,0.42,26.76,Júpiter,Neptuno,Tierra
f106bb37-e77f-4954-929d-1d33bdc6ebbd,1.35,0.47,12.22,Neptuno,Tierra,Saturno
06ccfa49-f9ab-43b1-8214-466579c35703,1.5,0.46,14.18,Neptuno,Tierra,Saturno
fe85f1fc-24d6-48f2-a63a-fbbcc62b511b,1.31,0.55,8.66,Urano,Saturno,Tierra
3d9c69cd-426a-4726-8ee6-0536b427087c,1.65,0.48,14.32,Neptuno,Tierra,Saturno
2fbd416d-3e98-4f24-abc9-988e71c8ba62,1.77,0.66,8.13,Urano,Saturno,Tierra
0119d2e6-52dc-43f4-a26d-a9dc30d46483,2.13,0.62,11.08,Neptuno,Tierra,Saturno
c234723b-1b94-4c57-b356-3acf987085ed,1.51,0.4,18.87,Júpiter,Neptuno,Tierra
dd0f1686-c18a-46c3-a3dc-1c0e6e8d9787,1.65,0.55,10.91,Neptuno,Tierra,Saturno
3c38cab7-2888-4990-bbd9-0a2fa04969da,1.23,0.41,14.63,Neptuno,Tierra,Saturno
4d8d5510-e45c-4ba2-9dd9-79b446d5e975,1.4,0.57,8.62,Urano,Saturno,Tierra
808d992a-66e7-49d0-85b9-0991aec4f5c5,1.54,0.61,8.28,Urano,Saturno,Tierra
9111d0b7-d84d-4973-8b75-7ad3f13852cf,2.34,0.67,10.43,Neptuno,Tierra,Saturno
4a8f78e1-6c00-498c-91ae-821df6b13858,2.42,0.55,16.0,Neptuno,Tierra,Saturno
19e92e71-9376-4f52-89a7-2e1f4e6a9ce7,2.4,0.63,12.09,Neptuno,Tierra,Saturno
ac2aa53a-e8d1-4b39-99e5-765024799bb5,1.17,0.44,12.09,Neptuno,Tierra,Saturno
941d699d-3221-4f29-b880-eed275c29d53,1.69,0.7,6.9,Urano,Saturno,Tierra
2ced866d-8a7e-4fc6-9558-d925f69c736e,1.5,0.44,15.5,Neptuno,Tierra,Saturno
588d1a10-9d81-4008-b10d-b4c4497738a8,1.73,0.52,12.8,Neptuno,Tierra,Saturno
3ac1d256-3d1c-4503-a2e0-07964b71a0ff,2.41,0.63,12.14,Neptuno,Tierra,Saturno
9dd8b913-5b7f-4b8e-bc70-a8f75ee5b5ea,1.78,0.58,10.58,Neptuno,Tierra,Saturno
1578db09-39fd-4dff-99b8-858fbd155c7c,1.09,0.62,5.67,Marte,Urano,Saturno
7aa4bcb4-c711-4a50-8ea2-0e6b9dc061a1,1.3,0.54,8.92,Saturno,Urano,Tierra
3f0daab4-1e02-4775-8d62-175251a7993c,1.96,0.42,22.22,Júpiter,Neptuno,Tierra
f977d042-aa39-4d4b-8233-66c6bb3a621e,1.01,0.57,6.22,Urano,Marte,Saturno
c3ce28d4-c439-456e-b65c-a698bb967813,2.42,0.49,20.16,Júpiter,Neptuno,Tierra
7232ad71-ce2c-4837-84bd-51fea9287e18,1.22,0.42,13.83,Neptuno,Tierra,Saturno
a71e28a6-6038-479f-9329-38d42ec0d558,2.03,0.65,9.61,Tierra,Saturno,Urano
56657c84-2295-450c-8b29-b562ba7fe858,1.56,0.69,6.55,Urano,Saturno,Marte
062379ad-d9b3-44c9-959f-94791c12be9e,2.17,0.42,24.6,Júpiter,Neptuno,Tierra
03453d9c-a280-4d9e-a526-434ec1a3af93,1.09,0.65,5.16,Marte,Urano,Saturno
4b9edf1e-c06a-41d8-84fd-1287f33dbe2a,2.18,0.44,22.52,Júpiter,Neptuno,Tierra
d65bcfdc-ea5a-4b39-90e2-ce416135d614,1.59,0.51,12.23,Neptuno,Tierra,Saturno
b105fe99-4c09-417a-b8b2-9f457f666bf2,1.02,0.65,4.83,Marte,Urano,Saturno
645e8fe8-5c51-4fdc-827b-23a565cd82aa,0.83,0.63,4.18,Marte,Urano,Saturno
5941ba25-d06b-47c1-8533-2b0b36c04979,1.84,0.63,9.27,Saturno,Tierra,Urano
acb69e88-3e93-4b7e-bdd0-d2707e31ba5a,2.18,0.42,24.72,Júpiter,Neptuno,Tierra
5c690736-62d7-45a6-9c03-cbd307e760e5,1.66,0.67,7.4,Urano,Saturno,Tierra
9e8b02b9-b89e-43de-bc60-2beef4e56473,1.62,0.42,18.37,Júpiter,Neptuno,Tierra
e8d6d771-59f4-4aba-b622-a62915843be5,1.35,0.55,8.93,Saturno,Urano,Tierra
b00930fb-08c9-47c2-9530-b27ecadf2f91,1.31,0.48,11.37,Neptuno,Tierra,Saturno
199b4fa8-49d8-4d55-a5eb-8862d7b6b1a9,1.83,0.57,11.27,Neptuno,Tierra,Saturno
536888b5-41a9-4527-9b25-dd149d7cc2b8,2.26,0.55,14.94,Neptuno,Tierra,Saturno
736a1ad4-9538-42c4-9da7-5d6a6156ec92,2.37,0.57,14.59,Neptuno,Tierra,Saturno
83494d46-10ed-46bd-b2a1-a51e5dd09713,1.46,0.6,8.11,Urano,Saturno,Tierra
4a2cd9f4-316a-4a89-b6fc-75df34feb08b,1.08,0.57,6.65,Urano,Saturno,Marte
b53e9460-b36f-44fc-ad53-58e511180a9f,1.16,0.66,5.33,Marte,Urano,Saturno
6b2e714f-14cf-430a-813d-851c278c1510,2.46,0.42,27.89,Júpiter,Neptuno,Tierra
13f79a16-b0a2-4df0-b4d4-925036f21056,1.07,0.43,11.57,Neptuno,Tierra,Saturno
9eb28250-b57d-4219-bb33-b2c2a18f6713,1.24,0.49,10.33,Tierra,Neptuno,Saturno
d6f411a7-997d-43f0-aca5-94f75745529a,2.37,0.41,28.2,Júpiter,Neptuno,Tierra
c23c9a70-d81c-4439-8dc0-3b787f10f836,1.59,0.57,9.79,Tierra,Saturno,Urano
2bb3d4d2-678b-4c06-b9dd-e9d5520ee53c,1.48,0.41,17.61,Neptuno,Júpiter,Tierra
d3807b30-c635-4dbc-99b0-9ae23db02f24,2.09,0.57,12.87,Neptuno,Tierra,Saturno
cc75f804-fd04-41a7-bae5-2e5889039ab0,1.39,0.59,7.99,Urano,Saturno,Tierra
3d4ee7fc-e45f-4c62-b655-f59b28ff531b,2.18,0.61,11.72,Neptuno,Tierra,Saturno
156df24d-7211-42ea-8047-c59ad3177ca2,2.49,0.49,20.74,Júpiter,Neptuno,Tierra
bb5f1168-88ae-4799-840a-bc2be2f7d38b,1.82,0.44,18.8,Júpiter,Neptuno,Tierra
283a62b3-31ca-4a92-a1e6-765c32611d1d,1.27,0.42,14.4,Neptuno,Tierra,Saturno
6e3811bb-e9eb-4599-ae49-aeb5a3935e13,0.82,0.61,4.41,Marte,Urano,Saturno
117d6e01-75d0-4fc2-9248-4c2b4df6e322,2.16,0.55,14.28,Neptuno,Tierra,Saturno
07931390-d80b-431a-8a49-9bcf661756d4,1.56,0.54,10.7,Neptuno,Tierra,Saturno
c9ae6c37-b801-4c56-b7bb-c5156f56f13b,1.26,0.69,5.29,Marte,Urano,Saturno
5bdddde4-a033-4c6e-9a77-c21084f82b99,1.22,0.42,13.83,Neptuno,Tierra,Saturno
3ff99ab9-ac34-43d8-9a77-eb60dae4ec97,1.92,0.6,10.67,Neptuno,Tierra,Saturno
05f47206-a4c4-4026-885f-639b3cc70591,1.16,0.65,5.49,Marte,Urano,Saturno
15fcc441-0891-491a-a270-df656facbe33,2.25,0.62,11.71,Neptuno,Tierra,Saturno
1cb060d6-7341-44c4-b1e2-74dc1fe79760,1.26,0.7,5.14,Marte,Urano,Saturno
02846fa3-732a-4ba5-a89b-895c25d375d5,1.14,0.51,8.77,Urano,Saturno,Tierra
95ca7581-6534-4495-8a1e-761d305dde88,2.15,0.6,11.94,Neptuno,Tierra,Saturno
c5b510b7-25f4-4b18-a3bf-b2b2cc7e5969,1.58,0.5,12.64,Neptuno,Tierra,Saturno
30d7a31f-ae30-4fc0-bd37-ee921b7aab27,0.92,0.68,3.98,Marte,Urano,Saturno
24cd03c0-325d-43e0-b006-64bbbc8177f3,2.03,0.65,9.61,Tierra,Saturno,Urano
b3cfc659-ca22-4c44-b2cd-a8e91b6174f6,2.48,0.44,25.62,Júpiter,Neptuno,Tierra
a0126158-5036-4555-bec0-8e6d0c46deed,2.3,0.49,19.16,Júpiter,Neptuno,Tierra
c203d7c2-c2ff-4357-bc07-59d5bdf09aed,1.96,0.6,10.89,Neptuno,Tierra,Saturno
8ef0d9ab-8116-430e-b0c1-59dca2b7b9d7,1.04,0.6,5.78,Marte,Urano,Saturno
6b17ce98-65f7-4593-9dc9-3dbe481556f4,1.57,0.52,11.61,Neptuno,Tierra,Saturno
60fdf6ba-8bb7-45ba-9409-37d1887b52cf,1.51,0.47,13.67,Neptuno,Tierra,Saturno
9e96c34d-74c2-4742-ac64-08c31aa8749e,1.56,0.66,7.16,Urano,Saturno,Tierra
b32c5be6-3432-4295-b15d-9144588e0456,1.64,0.48,14.24,Neptuno,Tierra,Saturno
3adce6f1-8a13-4cae-bc93-277b90baac2d,1.84,0.57,11.33,Neptuno,Tierra,Saturno
56c545bb-99f6-4dd0-8fa1-65ee23e35dd5,1.73,0.63,8.72,Urano,Saturno,Tierra
c29ef2d1-3667-4415-8284-210616684003,2.02,0.44,20.87,Júpiter,Neptuno,Tierra
611b1903-8ea6-499d-976c-4528c1e6b5b9,2.33,0.4,29.12,Júpiter,Neptuno,Tierra
2028bc28-a77c-4183-8cf3-6edcbd42bcb1,1.26,0.49,10.5,Neptuno,Tierra,Saturno
66ed21a1-552a-4bf5-9cf7-8ba986b23df1,1.8,0.44,18.6,Júpiter,Neptuno,Tierra
81251c90-c687-4e6d-8104-48ae31160725,0.88,0.57,5.42,Marte,Urano,Saturno
c1d1660f-599c-4719-9874-8d06772dbbd0,2.11,0.45,20.84,Júpiter,Neptuno,Tierra
5c07717c-8dc6-467e-8636-44a20a70d2d7,0.93,0.46,8.79,Urano,Saturno,Tierra
b5d9b2b1-07e5-4b2d-a136-d8d8a6b1974b,1.59,0.53,11.32,Neptuno,Tierra,Saturno
ca545c42-b118-450f-9598-d65bd8ec9e67,1.83,0.44,18.9,Júpiter,Neptuno,Tierra
c05a0198-97e5-4a1c-addf-7d8892d88099,1.37,0.57,8.43,Urano,Saturno,Tierra
e5142bac-f055-4ca7-ac3d-bc6423f3276e,2.39,0.56,15.24,Neptuno,Tierra,Saturno
e03756bc-1292-4e09-a21e-a9a4d046997a,1.64,0.46,15.5,Neptuno,Tierra,Saturno
416decd0-c50c-40a1-a0a4-1c5a1f033c75,1.67,0.68,7.22,Urano,Saturno,Tierra
526acb37-87a2-4044-89aa-f081f7017f47,2.48,0.7,10.12,Tierra,Neptuno,Saturno
30f09277-5149-4395-b2fc-3916f47fbe71,2.03,0.43,21.96,Júpiter,Neptuno,Tierra
6437fc5e-e123-4d2a-9279-165cd1a9ab02,2.5,0.68,10.81,Neptuno,Tierra,Saturno
dba4fa9d-6358-4f4c-8657-4f6d2ec32689,0.95,0.44,9.81,Tierra,Saturno,Urano
9e1b685f-1d43-43f4-b9a5-a657a5b7aef4,1.3,0.63,6.55,Urano,Saturno,Marte
5e75cbed-901d-4c3c-9ad7-ee2991728616,2.26,0.68,9.78,Tierra,Saturno,Urano
